categoria,codigo,nombre,precio,costo,existencia_listado,existencia_inicial,codigo_barras,activo,nota
Cervezas,8594003352331,BERNARD AMBER LAGER,390.00,220.3300,5.00,5.00,8594003352331,sí,
Cervezas,8594003351815,BERNARD BOHEMIAN ALE,490.00,290.0000,5.00,5.00,8594003351815,sí,
Cervezas,8594003352614,BERNARD CELEBRATION LAGER,390.00,220.3300,-2.00,0.00,8594003352614,sí,
Cervezas,8594003352522,BERNARD DARK LAGER,390.00,220.3300,6.00,6.00,8594003352522,sí,
Cervezas,8412598005862,BLACK COUPAGE 1906,210.00,114.0536,3.00,3.00,8412598005862,sí,
Cervezas,8500001270089,BUCANERO CERVEZA PEQ.,110.00,65.1800,0.00,0.00,8500001270089,sí,
Cervezas,8690582723200,CARLSBERG 330ML,120.00,66.2692,0.00,0.00,8690582723200,sí,
Cervezas,8690582722203,CARLSBERG LATA 330ML,85.00,0.0000,0.00,0.00,8690582722203,sí,
Cervezas,87120103,CERV. HEINEKEN LATA PEQ,100.00,59.6250,44.00,44.00,87120103,sí,
Cervezas,8714800001793,CERVEZA HOLLANDIA 330ML,85.00,49.0819,0.00,0.00,8714800001793,sí,
Cervezas,8423453910535,CERVEZA REPUBLICA DE BOTELLA,125.00,75.0000,0.00,0.00,8423453910535,sí,
Cervezas,8423453910566,CERVEZA REPUBLICA LATA,115.00,62.7800,0.00,0.00,8423453910566,sí,
Cervezas,8412598005831,ESTRELLA GALICIA,180.00,102.0480,17.00,17.00,8412598005831,sí,
Cervezas,8712000030582,HEINEKEN GRANDE,265.00,148.3333,152.00,152.00,8712000030582,sí,
Cervezas,8712000900045,HEINEKEN LATA GRANDE,190.00,106.0833,20.00,20.00,8712000900045,sí,
Cervezas,8714800014212,HOLANDIA 650 ML,120.00,80.2200,0.00,0.00,8714800014212,sí,
Cervezas,8714800007580,HOLLANDIA 500ML,75.00,53.6700,0.00,0.00,8714800007580,sí,
Cervezas,8714800031127,HOLLANDIA LIMON,85.00,61.3600,0.00,0.00,8714800031127,sí,
Cervezas,851621000043,KRONENBOURG BLANC 1664,175.00,105.3300,0.00,0.00,851621000043,sí,
Cervezas,8411327001076,MAHOU 5 ESTRELLA BOTELLA,175.00,98.7083,3.00,3.00,8411327001076,sí,
Cervezas,8411327003308,MAHOU 5 ESTRELLA EIGHT RADLER LATA,145.00,87.6600,0.00,0.00,8411327003308,sí,
Cervezas,8411327008419,MAHOU 5 STRELLAS,180.00,98.7083,6.00,6.00,8411327008419,sí,
Cervezas,8411327001717,MAHOU CERVEZA SIN ALCOHOL,80.00,47.3700,0.00,0.00,8411327001717,sí,
Cervezas,8411327001960,MAHOU MAESTRA,210.00,113.0000,-3.00,0.00,8411327001960,sí,
Cervezas,8001435310018,MORETTI REGULAR 330ML BOTELLA,180.00,107.3400,0.00,0.00,8001435310018,sí,
Cervezas,8423453909980,OCHO CERO NUEVE,95.00,57.1900,0.00,0.00,8423453909980,sí,
Cervezas,8594006931090,PRIMATO 24 DOUBLE 500.M.L,380.00,220.0000,0.00,0.00,8594006931090,sí,
Cervezas,8594006931328,PRIMATOR WEIZEN PSENICNE 500.ML,270.00,150.0000,0.00,0.00,8594006931328,sí,
Cervezas,8712000051945,RED STRIPE,100.00,40.0000,26.00,26.00,8712000051945,sí,
Cervezas,876529000476,ROGUE BATSQUATCH LATA,245.00,143.7800,0.00,0.00,876529000476,sí,
Cervezas,876529000421,ROGUE OUTTA LINE LATA,245.00,143.7800,0.00,0.00,876529000421,sí,
Licores,84692204045,ALIZE WIL PASSION 750ML,1275.00,843.1500,0.00,0.00,084692204045,sí,
Licores,8004747005535,ANTICA SAMBUCA CLASSIC 70CLS.,700.00,480.0000,0.00,0.00,8004747005535,sí,
Licores,796020140504,BARCELO DORADO 750ML,320.00,185.0000,0.00,0.00,796020140504,sí,
Licores,796020100508,BARCELO IMPERIAL 700ML,690.00,683.1200,0.00,0.00,796020100508,sí,
Licores,804884,BOMBAY SAPPHIRE MINIATURA,200.00,114.4000,0.00,0.00,,sí,
Licores,8414771852881,BRANDY NAPOLEON RESERVE 12-70C,600.00,458.3333,0.00,0.00,8414771852881,sí,
Licores,8000040002509,CAMPARI-BITTER 75CL,620.00,412.0000,1.00,1.00,8000040002509,sí,
Licores,8410161711257,CARDENAL MENDOZA BRANDY DE JEREZ,2995.00,2500.0000,0.00,0.00,8410161711257,sí,
Licores,796020010029,CARTA REAL,250.00,175.0000,0.00,0.00,796020010029,sí,
Licores,796020010128,CARTA REAL 350ML,125.00,68.8600,0.00,0.00,796020010128,sí,
Licores,8000020000365,CINZANO BIANCO,540.00,360.0000,2.00,2.00,8000020000365,sí,
Licores,8000020000396,CINZANO ROSE,540.00,358.0000,1.00,1.00,8000020000396,sí,
Licores,796020600022,COLUMBUS BLANCO,320.00,232.4000,0.00,0.00,796020600022,sí,
Licores,796020600008,COLUMBUS RON AÑEJO 750ML,320.00,233.2000,0.00,0.00,796020600008,sí,
Licores,7640171032054,DEWARS MINI,180.00,84.7457,8.00,8.00,7640171032054,sí,
Licores,796020100515,DUBAR IMPERIAL,999.00,738.7000,0.00,0.00,796020100515,sí,
Licores,8410414000466,ERISTOFF VODKA 750ML,600.00,406.1800,0.00,0.00,8410414000466,sí,
Licores,8410557900203,IMPERIAL TOLEDANA CHERRY,230.00,153.3333,0.00,0.00,8410557900203,sí,
Licores,8414771853208,IRISH CREAM 70CL,875.00,473.0000,0.00,0.00,8414771853208,sí,
Licores,8411705100230,LAS LLAVES AVELLANA,200.00,133.0000,0.00,0.00,8411705100230,sí,
Licores,8411705100223,LAS LLAVES MANZANA 70CL,200.00,133.0000,0.00,0.00,8411705100223,sí,
Licores,8411705100216,LAS LLAVES MELOCOTON 70 CL,200.00,133.0000,0.00,0.00,8411705100216,sí,
Licores,811538010801,OUR TEQUILA,1860.00,1124.8900,0.00,0.00,811538010801,sí,
Licores,860012986828,OZAMA RON DOMINICANO . AÑEJO,1500.00,874.0000,1.00,1.00,860012986828,sí,
Licores,860012986811,OZAMA RON DOMINICANO BLANCO,1400.00,806.0000,1.00,1.00,860012986811,sí,
Licores,860012986835,OZAMA RON GRAN AÑEJO 700.M.L,1900.00,1097.4576,2.00,2.00,860012986835,sí,
Licores,8005713144258,ROMANA SAMBUVCA 75 CL,1100.00,705.2700,0.00,0.00,8005713144258,sí,
Licores,888,SOMETHING SPECIAL MINIATURA,100.00,62.5000,0.00,0.00,,sí,
Licores,7640171034058,WHISKY DEWARS CARRIBEAN SMOOTH,1850.00,1105.5700,3.00,3.00,7640171034058,sí,
Vinos y espumantes,8011822008220,50 SFUMATURE PASSERINA BLANCO,950.00,450.0000,3.00,3.00,8011822008220,sí,
Vinos y espumantes,8437003674976,AROMAZ VINO DE LA TIERRA DE,750.00,317.6200,0.00,0.00,8437003674976,sí,
Vinos y espumantes,8436006393006,BRIEGO RESERVA,2000.00,1101.7000,0.00,0.00,8436006393006,sí,
Vinos y espumantes,7804330312108,CABERNET SAUVIGNON 375ML,250.00,165.0000,0.00,0.00,7804330312108,sí,
Vinos y espumantes,854620,CARLOS ROSSI BLUSH 3L,1300.00,211.8642,0.00,0.00,,sí,
Vinos y espumantes,8003030008819,CARUSO BLANCO,450.00,250.0000,0.00,0.00,8003030008819,sí,
Vinos y espumantes,8003030008826,CARUSO TINTO,450.00,250.0000,0.00,0.00,8003030008826,sí,
Vinos y espumantes,7804320303178,CASILLERO DEL DIABLO CARB-SA 750ML,1200.00,762.1300,0.00,0.00,7804320303178,sí,
Vinos y espumantes,7804320985633,CASILLERO DEL DIABLO MERLOT 750ML,1150.00,685.0000,5.00,5.00,7804320985633,sí,
Vinos y espumantes,7804320301174,CASILLERO DEL DIABLO SAV-BLAN,650.00,586.1600,0.00,0.00,7804320301174,sí,
Vinos y espumantes,7804320510170,CASILLERO DEL DIABLO SHIRAZ,850.00,550.0000,0.00,0.00,7804320510170,sí,
Vinos y espumantes,8420209032510,CASTILLO DE ROSSI,600.00,319.0000,9.00,9.00,8420209032510,sí,
Vinos y espumantes,8420209039007,CASTILLO DE ROSSI WHITE WINE,650.00,320.0000,4.00,4.00,8420209039007,sí,
Vinos y espumantes,8420209032527,CASTILLO ROSSI ROSADO,650.00,319.0000,7.00,7.00,8420209032527,sí,
Vinos y espumantes,8008513064016,CELEBRATION SPUMANTE ROSE,350.00,200.8200,0.00,0.00,8008513064016,sí,
Vinos y espumantes,7804330004614,COLECCION PRIVADA SANTA RITA,700.00,496.0000,0.00,0.00,7804330004614,sí,
Vinos y espumantes,7804320046044,CONCHA Y TORO CABERT 375ML,180.00,124.0000,0.00,0.00,7804320046044,sí,
Vinos y espumantes,7804320688480,CONCHA Y TORO CABERT 375ML,210.00,150.0000,0.00,0.00,7804320688480,sí,
Vinos y espumantes,7804320384382,CONCHA Y TORO SERIE RIBERAS GRAN,1100.00,733.3300,0.00,0.00,7804320384382,sí,
Vinos y espumantes,8012769232037,DOLCE GIULIETTA,825.00,488.7000,0.00,0.00,8012769232037,sí,
Vinos y espumantes,7804320520162,DULZINO MOSCATO 750 ML,750.00,305.4400,0.00,0.00,7804320520162,sí,
Vinos y espumantes,7804320523958,DULZINO ROSADO,400.00,304.1700,0.00,0.00,7804320523958,sí,
Vinos y espumantes,7804320574707,DULZINO SWEET RED,450.00,305.4383,0.00,0.00,7804320574707,sí,
Vinos y espumantes,8425021000068,ELEMENTOS TEMPRANILLO,550.00,325.0000,0.00,0.00,8425021000068,sí,
Vinos y espumantes,8425021000051,ELEMENTOS VINO BLANCO,1000.00,325.0000,0.00,0.00,8425021000051,sí,
Vinos y espumantes,8425021000075,ELEMENTOS VINO TIERRA TINTO,800.00,325.0000,0.00,0.00,8425021000075,sí,
Vinos y espumantes,7804345003145,FRESITA CHAMPAGNF 750ML,615.00,495.0000,0.00,0.00,7804345003145,sí,
Vinos y espumantes,7804345001882,FRESITA CHAMPAÑET 200ML,250.00,150.0000,0.00,0.00,7804345001882,sí,
Vinos y espumantes,7804320628165,FRONTERA AFTER MIDNIGHT CONCHA Y,900.00,529.9500,5.00,5.00,7804320628165,sí,
Vinos y espumantes,7804320559001,FRONTERA CABERNET SAUVIGNON,900.00,529.9500,9.00,9.00,7804320559001,sí,
Vinos y espumantes,7804320642277,FRONTERA CHARDONAL 750ML,550.00,325.0000,1.00,1.00,7804320642277,sí,
Vinos y espumantes,7804320706009,FRONTERA MERLOT 750ML,750.00,408.4745,1.00,1.00,7804320706009,sí,
Vinos y espumantes,7804320483115,FRONTERA MERLOT ROSE 750ML,650.00,368.6400,0.00,0.00,7804320483115,sí,
Vinos y espumantes,7804320556000,FRONTERA SAUVIGNON BLANCO 750ML,600.00,388.4100,0.00,0.00,7804320556000,sí,
Vinos y espumantes,7804320269160,FRONTERA SHIRAZ CONCHA Y TORO 750,550.00,350.0000,0.00,0.00,7804320269160,sí,
Vinos y espumantes,7804320626994,FRONTERA SWEET RED,850.00,475.0000,4.00,4.00,7804320626994,sí,
Vinos y espumantes,7804300010645,GATO BLANCO S. BLACK,380.00,253.0000,0.00,0.00,7804300010645,sí,
Vinos y espumantes,7804300010638,GATO NEGRO CABERNET SAUVIGÑON,360.00,240.0000,0.00,0.00,7804300010638,sí,
Vinos y espumantes,7804300120603,GATO NEGRO MERLOT,380.00,253.0000,0.00,0.00,7804300120603,sí,
Vinos y espumantes,7804300123697,GATO NEGRO SHIRAZ,225.00,150.0000,0.00,0.00,7804300123697,sí,
Vinos y espumantes,8414606856534,GIK LIVE VINO,1100.00,500.0000,1.00,1.00,8414606856534,sí,
Vinos y espumantes,8437007129984,GIMENEZ DE TAU TINTO,800.00,430.0000,0.00,0.00,8437007129984,sí,
Vinos y espumantes,8410351000000,GLORIOSO SELECCION ESPECIAL 100,1500.00,933.3333,0.00,0.00,8410351000000,sí,
Vinos y espumantes,8003030993177,ITRIGO NERO DE AVOLA,850.00,450.0000,0.00,0.00,8003030993177,sí,
Vinos y espumantes,8011822009975,KUNEN ROSSO CONERO,750.00,450.0000,0.00,0.00,8011822009975,sí,
Vinos y espumantes,8411079501930,LA GAITA SIDRA,210.00,127.1000,0.00,0.00,8411079501930,sí,
Vinos y espumantes,8411079381037,LA GAITA SIDRA ROSADA,210.00,127.1000,0.00,0.00,8411079381037,sí,
Vinos y espumantes,8410869450014,MARQUES DE RISCAL RIOJA RESERVAS,2125.00,1475.0000,0.00,0.00,8410869450014,sí,
Vinos y espumantes,8410869451240,MARQUEZ DEL RISCAL PROXIMO RIOJO,800.00,222.4583,0.00,0.00,8410869451240,sí,
Vinos y espumantes,8410866430019,MARQUEZ DEL RISCAL RUEDA BLANCO,850.00,531.0000,0.00,0.00,8410866430019,sí,
Vinos y espumantes,8410866430477,MARQUEZ DEL RISCAL TEMPRANILLO 750,850.00,572.0400,0.00,0.00,8410866430477,sí,
Vinos y espumantes,8001540002228,MASCHINO PROSECCO,985.00,655.0000,0.00,0.00,8001540002228,sí,
Vinos y espumantes,7804330121205,MEDLLA REAL GRAN RESERVA,1525.00,1016.0000,0.00,0.00,7804330121205,sí,
Vinos y espumantes,8414771620022,MIGUEL DE MARCH 750ML,280.00,186.5000,0.00,0.00,8414771620022,sí,
Vinos y espumantes,8412424325225,MONT-BLAU SEKT SIDRA,250.00,131.2500,0.00,0.00,8412424325225,sí,
Vinos y espumantes,7804449104014,MORANDE PIONERO CABERNET,490.00,301.7200,0.00,0.00,7804449104014,sí,
Vinos y espumantes,7804449104021,MORANDE PIONERO MERLOT,495.00,301.7200,0.00,0.00,7804449104021,sí,
Vinos y espumantes,7804449103017,MORANDE RESERVA CABERNET,695.00,452.5800,0.00,0.00,7804449103017,sí,
Vinos y espumantes,7804449103024,MORANDE RESERVA MERLOT 2009,695.00,452.5800,0.00,0.00,7804449103024,sí,
Vinos y espumantes,8414542100104,MUGA RESERVA,2700.00,1052.0000,1.00,1.00,8414542100104,sí,
Vinos y espumantes,7804320485515,PALO ALTO RESERV. MERLOT,1000.00,0.0000,0.00,0.00,7804320485515,sí,
Vinos y espumantes,8437008952147,PASION BLUE,1000.00,450.0000,1.00,1.00,8437008952147,sí,
Vinos y espumantes,8000428026257,PERLINO,750.00,432.0000,0.00,0.00,8000428026257,sí,
Vinos y espumantes,8420342001039,PROTOS CRIANZA 2004 750ML,1700.00,1420.8300,0.00,0.00,8420342001039,sí,
Vinos y espumantes,8420342001022,PROTOS RESERVAS 2009 RIVERA DEL,3200.00,2225.0000,0.00,0.00,8420342001022,sí,
Vinos y espumantes,8420342002012,PROTOS ROBLE RIVERA DUERO,1300.00,872.2050,0.00,0.00,8420342002012,sí,
Vinos y espumantes,8420342203013,PROTOS VERDEJO,975.00,626.6800,0.00,0.00,8420342203013,sí,
Vinos y espumantes,8420209040706,PYA RED BLEND,780.00,472.3800,0.00,0.00,8420209040706,sí,
Vinos y espumantes,80516130545,RIUNITE STRAWBERRY 750ML,390.00,260.0000,0.00,0.00,080516130545,sí,
Vinos y espumantes,7804350596366,SANTA CAROLINA BLANCO RESERVAS,670.00,468.2200,0.00,0.00,7804350596366,sí,
Vinos y espumantes,7804350600148,SANTA CAROLINA CABERNET S.375ML,220.00,182.0000,0.00,0.00,7804350600148,sí,
Vinos y espumantes,7804350596335,SANTA CAROLINA CABERNET S.750ML,600.00,470.8334,0.00,0.00,7804350596335,sí,
Vinos y espumantes,7804350600391,SANTA CAROLINA CABERNET S.MERL,420.00,240.1133,0.00,0.00,7804350600391,sí,
Vinos y espumantes,7804350701364,SANTA CAROLINA CABERNET SA-PQ,160.00,113.0000,0.00,0.00,7804350701364,sí,
Vinos y espumantes,7804350174700,SANTA CAROLINA CABERT-ROSE,500.00,338.9833,0.00,0.00,7804350174700,sí,
Vinos y espumantes,7804350600285,SANTA CAROLINA CARB SAUVIGNON,230.00,167.0000,0.00,0.00,7804350600285,sí,
Vinos y espumantes,7804350596342,SANTA CAROLINA CHARDONNAY,430.00,323.0000,0.00,0.00,7804350596342,sí,
Vinos y espumantes,7804350008661,SANTA CAROLINA GRA RESERVA,1590.00,961.8600,0.00,0.00,7804350008661,sí,
Vinos y espumantes,7804350600384,SANTA CAROLINA GRAN RESERVA 750ML,1100.00,866.6666,0.00,0.00,7804350600384,sí,
Vinos y espumantes,7804350701661,SANTA CAROLINA GRAN RESERVAS,1200.00,841.6667,0.00,0.00,7804350701661,sí,
Vinos y espumantes,7804350600353,SANTA CAROLINA MERLOT,765.00,462.5730,3.00,3.00,7804350600353,sí,
Vinos y espumantes,7804350000054,SANTA CAROLINA PREMIO 750 ML,825.00,448.0000,6.00,6.00,7804350000054,sí,
Vinos y espumantes,7804350000061,SANTA CAROLINA PREMIO BLANCO,425.00,308.3334,2.00,2.00,7804350000061,sí,
Vinos y espumantes,7804350596359,SANTA CAROLINA RESERVA CABERNET,1050.00,625.3500,0.00,0.00,7804350596359,sí,
Vinos y espumantes,7804350600070,SANTA CAROLINA S. B. SEMILLON,475.00,240.0000,4.00,4.00,7804350600070,sí,
Vinos y espumantes,7804350596328,SANTA CAROLINA SAUVIGNON BLANC,450.00,314.2650,0.00,0.00,7804350596328,sí,
Vinos y espumantes,7804350600155,SANTA CAROLINA SAUVIGNON BLANC,195.00,122.0000,0.00,0.00,7804350600155,sí,
Vinos y espumantes,7804350000528,SANTA CAROLINA SYRAH VARIETAL,500.00,378.5320,0.00,0.00,7804350000528,sí,
Vinos y espumantes,784350600391,SANTA CAROLINA VISTAÑA C.,350.00,258.6200,0.00,0.00,784350600391,sí,
Vinos y espumantes,7804350600360,SANTA CXAROLINA MERLOT RESERVA,0.00,446.1000,0.00,0.00,7804350600360,NO,precio 0.00
Vinos y espumantes,7804330983445,SANTA RITA 120 1/2 CABERNET,200.00,125.0000,0.00,0.00,7804330983445,sí,
Vinos y espumantes,7804330983438,SANTA RITA 120 1/2 SAUVIGNON BANC,175.00,460.4500,0.00,0.00,7804330983438,sí,
Vinos y espumantes,7804330321209,SANTA RITA 120 SAUVIGNON BLANC,900.00,549.9300,0.00,0.00,7804330321209,sí,
Vinos y espumantes,7804330311101,SANTA RITA CABERNET SAUVIGNON,1050.00,623.4600,5.00,5.00,7804330311101,sí,
Vinos y espumantes,7804330351206,SANTA RITA CHARDONNAY 750ML,495.00,349.5766,0.00,0.00,7804330351206,sí,
Vinos y espumantes,7804330111107,SANTA RITA MEDALLA REAL 750ML,1450.00,965.7483,0.00,0.00,7804330111107,sí,
Vinos y espumantes,7804330341108,SANTA RITA MERLOT 750ML,950.00,549.9300,2.00,2.00,7804330341108,sí,
Vinos y espumantes,7804330221202,SANTA RITA RESERVA BLANCO 750ML,1300.00,670.9042,0.00,0.00,7804330221202,sí,
Vinos y espumantes,7804330211104,SANTA RITA RESERVA CABERT 750M,1300.00,840.0000,0.00,0.00,7804330211104,sí,
Vinos y espumantes,7804330001835,SANTA RITA RESERVA SYRAH 750ML,1100.00,681.6700,0.00,0.00,7804330001835,sí,
Vinos y espumantes,7804330212101,SANTA RITA RESERVAS CAVERNET,1100.00,681.6700,0.00,0.00,7804330212101,sí,
Vinos y espumantes,7804330211203,SANTA RITA RESERVAS-MERLOT 750ML,1050.00,681.6700,0.00,0.00,7804330211203,sí,
Vinos y espumantes,7804330361106,SANTA RITA ROSADO CABERT 750ML,800.00,456.7700,0.00,0.00,7804330361106,sí,
Vinos y espumantes,7804330322206,SANTA RITA SAUVIGNON BLANC 375ML,195.00,130.0000,0.00,0.00,7804330322206,sí,
Vinos y espumantes,7804330001088,SANTA RITA SHIRAZ 750ML,350.00,230.0000,0.00,0.00,7804330001088,sí,
Vinos y espumantes,7804330006724,SANTA RITA TRES MEDALLAS,570.00,385.0000,0.00,0.00,7804330006724,sí,
Vinos y espumantes,7804330006717,SANTA RITA TRES MEDALLAS CABERNET,670.00,385.0000,0.00,0.00,7804330006717,sí,
Vinos y espumantes,8004385032207,SANTEROFRAGOLA,750.00,486.0000,0.00,0.00,8004385032207,sí,
Vinos y espumantes,8410428330047,SEGURA VIUDA RESERVA CAVA,1050.00,935.0000,0.00,0.00,8410428330047,sí,
Vinos y espumantes,8411079391012,SIDRA EL GAITERO 70CL,160.00,102.5000,0.00,0.00,8411079391012,sí,
Vinos y espumantes,8413481014206,SIDRA EL MAYU MANZANA ROSEE,175.00,91.8083,0.00,0.00,8413481014206,sí,
Vinos y espumantes,8410635004014,SIDRA JAI-ALAI,225.00,154.1666,0.00,0.00,8410635004014,sí,
Vinos y espumantes,8410635001013,SIDRA JAI-ALAI 25ML,50.00,20.0000,0.00,0.00,8410635001013,sí,
Vinos y espumantes,8011822007032,SOLEIL ROSADO,650.00,300.0000,1.00,1.00,8011822007032,sí,
Vinos y espumantes,8011822009036,SOLEIL TINTO,650.00,300.0000,4.00,4.00,8011822009036,sí,
Vinos y espumantes,8008513003756,SPERONE CHILL ESPUMANTE,550.00,347.6725,0.00,0.00,8008513003756,sí,
Vinos y espumantes,8008513008058,SPERONE CHILL ESPUMANTE ROSE,550.00,347.6725,0.00,0.00,8008513008058,sí,
Vinos y espumantes,8008513008485,SPRITZ APERITIVO,755.00,457.3100,0.00,0.00,8008513008485,sí,
Vinos y espumantes,8003030991418,SYRAH SICILIANO,950.00,325.0000,2.00,2.00,8003030991418,sí,
Vinos y espumantes,8437015144115,TAOZ RESERVA,950.00,550.0000,0.00,0.00,8437015144115,sí,
Vinos y espumantes,8437015144306,TAOZ ROSADO,900.00,495.0000,0.00,0.00,8437015144306,sí,
Vinos y espumantes,8410702010344,VALDEPLATA CABERNET SAUVIGNON,225.00,112.7688,0.00,0.00,8410702010344,sí,
Vinos y espumantes,8410702010399,VALDEPLATA VINO,395.00,300.0000,0.00,0.00,8410702010399,sí,
Vinos y espumantes,8424718113111,VALDRUERO CRIANZA 750ML,1400.00,827.0000,0.00,0.00,8424718113111,sí,
Vinos y espumantes,8427894026503,VEGA ROBLEDO RED,450.00,264.1200,1.00,1.00,8427894026503,sí,
Vinos y espumantes,8427894026497,VEGA ROBLEDO ROSA,450.00,264.1200,1.00,1.00,8427894026497,sí,
Vinos y espumantes,8427021000352,VEGADULCE CAVA,550.00,311.0000,1.00,1.00,8427021000352,sí,
Vinos y espumantes,8413004050117,VERRUGON ROSADO VINO 750ML,495.00,130.0000,0.00,0.00,8413004050117,sí,
Vinos y espumantes,8437007129953,VICIOUS 2020 BLANCO 750ML,1600.00,944.0000,1.00,1.00,8437007129953,sí,
Vinos y espumantes,8437007129939,VICIOUS 2020 TINTO 750ML,2100.00,1020.0000,1.00,1.00,8437007129939,sí,
Vinos y espumantes,8004385030395,VILLA JOLANDA,930.00,630.0000,0.00,0.00,8004385030395,sí,
Vinos y espumantes,796020310501,VINO MOSCATEL CABALLO BLANCO,160.00,106.2500,0.00,0.00,796020310501,sí,
Vinos y espumantes,8410388003531,VINO MURVIEDRO COLECCION PETIT,800.00,532.6500,2.00,2.00,8410388003531,sí,
Vinos y espumantes,7804320288826,VINO PALO ALTO BLANCO,900.00,529.6600,0.00,0.00,7804320288826,sí,
Vinos y espumantes,7804320214085,VINO PALO ALTO CABERNET SAUVIGNON,900.00,533.1900,0.00,0.00,7804320214085,sí,
Vinos y espumantes,818838009818,VINO TETICA CABERNET SAUVIGNON,1100.00,516.9491,3.00,3.00,818838009818,sí,
Vinos y espumantes,818838009825,VINO TETICA MERLOT,1100.00,516.9491,3.00,3.00,818838009825,sí,
Vinos y espumantes,8420209028520,VIRTUOSO CABERNET SAUVIGNON,300.00,167.7500,0.00,0.00,8420209028520,sí,
Vinos y espumantes,8420209028506,VIRTUOSO CHARDONAY,300.00,167.7500,0.00,0.00,8420209028506,sí,
Vinos y espumantes,8420209028537,VIRTUOSO MERLOT,300.00,167.7500,0.00,0.00,8420209028537,sí,
Vinos y espumantes,8420209028513,VIRTUOSO TEMPRANILLO ROSADO,300.00,167.7500,0.00,0.00,8420209028513,sí,
Vinos y espumantes,7804320169699,VIÑA MAIPO MERLOT,425.00,275.2600,0.00,0.00,7804320169699,sí,
Vinos y espumantes,7804320063010,VIÑA MAIPO SAUVIGNON,650.00,388.0000,0.00,0.00,7804320063010,sí,
Vinos y espumantes,839743001483,YELLOW BIG BOLD RED,850.00,585.0043,0.00,0.00,839743001483,sí,
Premix y cócteles,764009045577,ADAN Y EVA FRUTO ROJOS,140.00,76.9800,0.00,0.00,764009045577,sí,
Premix y cócteles,764009024497,BAMBBOO DAIQUIRI FRESA 350.ML,150.00,81.4900,0.00,0.00,764009024497,sí,
Premix y cócteles,764009011671,BAMBBOO MOJITO 350.ML,150.00,81.4900,0.00,0.00,764009011671,sí,
Premix y cócteles,764009047984,BAMBOO PIÑA COLADA .350.ML,150.00,81.4900,-1.00,0.00,764009047984,sí,
Premix y cócteles,850035474082,BUZZ BALK CHILI MANGO,310.00,172.1398,2.00,2.00,850035474082,sí,
Premix y cócteles,850035474037,BUZZ BALK CHOC TEASE,310.00,172.1398,21.00,21.00,850035474037,sí,
Premix y cócteles,850035474068,BUZZ BALK ESPRESO MARTINI,310.00,172.1398,22.00,22.00,850035474068,sí,
Premix y cócteles,850035474051,BUZZ BALK LOTTA COLADA,310.00,172.1398,27.00,27.00,850035474051,sí,
Premix y cócteles,850035474464,BUZZ BALK PASSIONFRUIT MARTINI,310.00,172.1398,25.00,25.00,850035474464,sí,
Premix y cócteles,850035474105,BUZZ BALK STRAWBERRY RITA,310.00,172.1398,-3.00,0.00,850035474105,sí,
Premix y cócteles,850035474006,BUZZ BALK TEQUILA RITA,310.00,172.1398,26.00,26.00,850035474006,sí,
Premix y cócteles,849806002319,FOUR LOKO BLUE,360.00,204.0960,0.00,0.00,849806002319,sí,
Premix y cócteles,849806001756,FOUR LOKO GOLD,360.00,204.0960,1.00,1.00,849806001756,sí,
Premix y cócteles,849806001855,FOUR LOKO GREEN,360.00,204.0960,7.00,7.00,849806001855,sí,
Premix y cócteles,849806003859,FOUR LOKO MANGO,320.00,190.6700,0.00,0.00,849806003859,sí,
Premix y cócteles,849806004962,FOUR LOKO MARACUYA,360.00,204.0960,4.00,4.00,849806004962,sí,
Premix y cócteles,849806001220,FOUR LOKO PONCHE DE FRUTAS,360.00,204.0960,2.00,2.00,849806001220,sí,
Premix y cócteles,849806002746,FOUR LOKO PURPLE,360.00,204.0960,0.00,0.00,849806002746,sí,
Premix y cócteles,849806001206,FOUR LOKO SANDIA,360.00,204.0960,2.00,2.00,849806001206,sí,
Premix y cócteles,849806005754,FOUR LOKO WHITE,360.00,204.0960,0.00,0.00,849806005754,sí,
Premix y cócteles,7898605253012,MIKES JUGO DE LIMON Y VODKA,120.00,56.6500,1.00,1.00,7898605253012,sí,
Refrescos y energizantes,780380,7UP LATA,55.00,28.2400,0.00,0.00,,sí,
Refrescos y energizantes,830207000707,CICLON GRANDE,150.00,87.5700,2.00,2.00,830207000707,sí,
Refrescos y energizantes,830207010706,CICLON PEQUENO,115.00,67.0903,31.00,31.00,830207010706,sí,
Refrescos y energizantes,830207000301,CICLON X2 16.6 ONZ GRANDE,160.00,91.8079,37.00,37.00,830207000301,sí,
Refrescos y energizantes,815934000107,COCO RICO 12OZ LATA,45.00,17.3400,0.00,0.00,815934000107,sí,
Refrescos y energizantes,789120,CRUSH GRAPE REFRESCO LATA,35.00,21.5833,0.00,0.00,,sí,
Refrescos y energizantes,783150,DR PEPPER 12 OZ. LATA,70.00,40.9600,-1.00,0.00,,sí,
Refrescos y energizantes,790330050508,FIRE ENERGY UP. DRINK,50.00,20.0000,0.00,0.00,790330050508,sí,
Refrescos y energizantes,8053626292788,GO & FUN GREEN ENERGY DRINK,80.00,58.0000,0.00,0.00,8053626292788,sí,
Refrescos y energizantes,7702090048643,HATSU SODA FRAMBUESA Y ROSAS,100.00,1.0000,0.00,0.00,7702090048643,sí,
Refrescos y energizantes,784000,HAWALLAN PUNCH LATA 333OZ,35.00,19.4210,0.00,0.00,,sí,
Refrescos y energizantes,831384000504,MABI TAINO SEYBANO,30.00,17.0000,0.00,0.00,831384000504,sí,
Refrescos y energizantes,7702354251673,PREDATOR MANZANA,65.00,33.8985,0.00,0.00,7702354251673,sí,
Refrescos y energizantes,7702354251666,PREDATOR ORIGINAL,65.00,27.1187,0.00,0.00,7702354251666,sí,
Refrescos y energizantes,850003560410,PRIME LIME,375.00,200.0000,0.00,0.00,850003560410,sí,
Refrescos y energizantes,850003560441,PRIME PUNCH,375.00,200.0000,0.00,0.00,850003560441,sí,
Refrescos y energizantes,850003560458,PRIME RASPBERRY,375.00,200.0000,0.00,0.00,850003560458,sí,
Refrescos y energizantes,9002490212148,RED BULL 12.ONZ,175.00,99.0000,99.00,99.00,9002490212148,sí,
Refrescos y energizantes,9002490291709,RED BULL COCO 250.M.L,120.00,69.0000,15.00,15.00,9002490291709,sí,
Refrescos y energizantes,9002490267544,RED BULL GRANDE.16 ONZ,240.00,133.1300,30.00,30.00,9002490267544,sí,
Refrescos y energizantes,9002490204006,RED BULL MEDIANO 8 OZ,120.00,69.0000,-4.00,0.00,9002490204006,sí,
Refrescos y energizantes,9002490266288,RED BULL ROJO.250.M.L,120.00,69.0000,5.00,5.00,9002490266288,sí,
Refrescos y energizantes,9002490206710,RED BULL SUGARFREE.250.M.L,120.00,69.0000,16.00,16.00,9002490206710,sí,
Refrescos y energizantes,9002490268657,RED BULL TROPICAL.250.M.L,120.00,69.0000,30.00,30.00,9002490268657,sí,
Refrescos y energizantes,84233299812184,REFRESCOS VARIADOS 20 ONZ,35.00,22.0000,0.00,0.00,84233299812184,sí,
Refrescos y energizantes,78250004321,SPARKS PLUS ENERGISANTE NARANJA,100.00,76.0000,0.00,0.00,078250004321,sí,
Refrescos y energizantes,782740,SUNKIST NARANJA,35.00,19.4210,0.00,0.00,,sí,
Refrescos y energizantes,782850,SUNKIST UVA,35.00,19.4210,0.00,0.00,,sí,
Refrescos y energizantes,7702354253776,VIVE.100.ROJO.GRANDE,70.00,40.8333,-10.00,0.00,7702354253776,sí,
Refrescos y energizantes,7702354253769,VIVE.100.VERDE.GRANDE,70.00,40.8333,32.00,32.00,7702354253769,sí,
Refrescos y energizantes,859710000011,XS ENERGY DRINK CITRUS BLAST,190.00,91.7650,0.00,0.00,859710000011,sí,
Refrescos y energizantes,859710000004,XS ENERGY DRINK CRANBERRY GRAPE,190.00,91.7645,0.00,0.00,859710000004,sí,
"Jugos, tés y lácteos",893504860702,AGUA DE COCO CON PULPA,125.00,75.0000,0.00,0.00,893504860702,sí,
"Jugos, tés y lácteos",893504860696,AGUA DE COCO ORIGINAL,125.00,75.0000,0.00,0.00,893504860696,sí,
"Jugos, tés y lácteos",8809125063011,ALOE PURE PLUS,140.00,42.3733,0.00,0.00,8809125063011,sí,
"Jugos, tés y lácteos",884394007391,ALOE STRAWBERRY,140.00,77.1185,28.00,28.00,884394007391,sí,
"Jugos, tés y lácteos",884394007285,ALOE VERA ORIGINAL 500ML,140.00,66.7375,36.00,36.00,884394007285,sí,
"Jugos, tés y lácteos",884394007377,ALOE VERAS PIÑA 500 ML,140.00,77.1185,39.00,39.00,884394007377,sí,
"Jugos, tés y lácteos",8936020049793,CHIA PASSION FRUIT,80.00,46.8140,0.00,0.00,8936020049793,sí,
"Jugos, tés y lácteos",8936020049786,CHIA STRABERRY,80.00,46.8134,0.00,0.00,8936020049786,sí,
"Jugos, tés y lácteos",790330008080,CHOCO RICA 10 OZ,40.00,22.8800,-5.00,0.00,790330008080,sí,
"Jugos, tés y lácteos",790330008028,CHOCO RICA 16 ONZ,60.00,33.0500,0.00,0.00,790330008028,sí,
"Jugos, tés y lácteos",790330004587,CHOCO RICA 500,70.00,41.2800,-1.00,0.00,790330004587,sí,
"Jugos, tés y lácteos",790330002323,CHOCORICA 200 ML,40.00,21.9900,59.00,59.00,790330002323,sí,
"Jugos, tés y lácteos",884394000538,COCONUT DRINK COCO ORIGINAL 16.9,90.00,55.5000,0.00,0.00,884394000538,sí,
"Jugos, tés y lácteos",7703186031303,ENSURE ADVANCE CHOCOLATE,215.00,130.0000,0.00,0.00,7703186031303,sí,
"Jugos, tés y lácteos",8710428019509,ENSURE VAINILLAS,160.00,96.0400,0.00,0.00,8710428019509,sí,
"Jugos, tés y lácteos",8410635024029,EVA WHITE GRAPE JUICE,250.00,191.2222,0.00,0.00,8410635024029,sí,
"Jugos, tés y lácteos",7707362397672,HATSU TE AMARILLO,135.00,81.9100,0.00,0.00,7707362397672,sí,
"Jugos, tés y lácteos",7709990350463,HATSU TE AZUL,135.00,81.9100,0.00,0.00,7709990350463,sí,
"Jugos, tés y lácteos",7707362390079,HATSU TE BLANCO,135.00,81.9100,0.00,0.00,7707362390079,sí,
"Jugos, tés y lácteos",7709990350470,HATSU TE ROSAS,135.00,81.9100,0.00,0.00,7709990350470,sí,
"Jugos, tés y lácteos",790330021461,JUGO DE NARANJA DE LA GRANJA,35.00,18.7800,0.00,0.00,790330021461,sí,
"Jugos, tés y lácteos",790330021454,JUGO DE NARANJA DE LA GRANJA 10OZ,20.00,12.5300,0.00,0.00,790330021454,sí,
"Jugos, tés y lácteos",8687,KOOL-AID JUGO VARIADO CON SOLVETE,35.00,19.0600,0.00,0.00,,sí,
"Jugos, tés y lácteos",790330002118,LA VAQUITA 16 ONZ,30.00,18.0000,0.00,0.00,790330002118,sí,
"Jugos, tés y lácteos",790330021584,LIMONADA RICA 16 OZ,55.00,31.1100,0.00,0.00,790330021584,sí,
"Jugos, tés y lácteos",87328431846,LOTUS DE CRAMBERRY 64 ONZ,180.00,133.5700,0.00,0.00,087328431846,sí,
"Jugos, tés y lácteos",876063005951,MUSCLE MILK,220.00,141.6666,0.00,0.00,876063005951,sí,
"Jugos, tés y lácteos",876063005968,MUSCLE MILK,220.00,141.6666,0.00,0.00,876063005968,sí,
"Jugos, tés y lácteos",876063002035,MUSCLE MILK BANANA CREME,190.00,141.6666,0.00,0.00,876063002035,sí,
"Jugos, tés y lácteos",876063002011,MUSCLE MILK CHOCOLATE 14 OZ,260.00,158.3300,0.00,0.00,876063002011,sí,
"Jugos, tés y lácteos",876063002042,MUSCLE MILK COOKIES N CREME,260.00,158.3300,0.00,0.00,876063002042,sí,
"Jugos, tés y lácteos",876063002028,MUSCLE MILK VAINILLA,260.00,158.3300,0.00,0.00,876063002028,sí,
"Jugos, tés y lácteos",790330005096,NARANJA PIÑA,100.00,56.9300,0.00,0.00,790330005096,sí,
"Jugos, tés y lácteos",790330050676,NECTAR MANGO,30.00,16.1800,0.00,0.00,790330050676,sí,
"Jugos, tés y lácteos",786273040041,PARADISE NECTAR DE MANZANA LATA,30.00,15.0000,0.00,0.00,786273040041,sí,
"Jugos, tés y lácteos",786273040034,PARADISE NECTAR DE PERA LATA,30.00,15.0000,0.00,0.00,786273040034,sí,
"Jugos, tés y lácteos",8710428020215,PEDIASURE POTE VAINILLA,160.00,97.4500,0.00,0.00,8710428020215,sí,
"Jugos, tés y lácteos",888849008100,QUEST CHOCOLATE PROTEINA LIQUIDO,380.00,203.0000,7.00,7.00,888849008100,sí,
"Jugos, tés y lácteos",888849014460,QUEST PROTEIN SHAKE,340.00,203.0000,6.00,6.00,888849014460,sí,
"Jugos, tés y lácteos",888849008117,QUEST PROTEIN VAINILLA,380.00,203.0000,3.00,3.00,888849008117,sí,
"Jugos, tés y lácteos",790330050614,RICA COCTEL DE NECTARES,30.00,16.1800,1.00,1.00,790330050614,sí,
"Jugos, tés y lácteos",790330021256,RICA DE PERA 10 OZ,30.00,16.9300,-3.00,0.00,790330021256,sí,
"Jugos, tés y lácteos",790330021249,RICA DE PERA 16 ONZ,50.00,28.0500,20.00,20.00,790330021249,sí,
"Jugos, tés y lácteos",790330030029,RICA FRUIT PUNCH 1/2 GALON,170.00,102.0000,7.00,7.00,790330030029,sí,
"Jugos, tés y lácteos",790330021263,RICA FRUIT PUNCH 32 OZ,90.00,54.0800,7.00,7.00,790330021263,sí,
"Jugos, tés y lácteos",790330050669,RICA FRUIT PUNCH CON SOLVETE 10 OZ,30.00,16.1800,136.00,136.00,790330050669,sí,
"Jugos, tés y lácteos",790330021270,RICA FRUIT PUNCH ONZ 16 ONZ,50.00,28.0500,60.00,60.00,790330021270,sí,
"Jugos, tés y lácteos",790330050058,RICA GUAYABA,90.00,52.5400,0.00,0.00,790330050058,sí,
"Jugos, tés y lácteos",79033050072,RICA JUGO DE MANZANA LITRO,85.00,52.5400,-1.00,0.00,,sí,
"Jugos, tés y lácteos",790330050645,RICA KIWI FRESA,30.00,16.1800,11.00,11.00,790330050645,sí,
"Jugos, tés y lácteos",790330005003,RICA MANZANA 1.5 LITRO,160.00,116.0000,0.00,0.00,790330005003,sí,
"Jugos, tés y lácteos",790330021188,RICA MANZANA 10 OZ,30.00,16.9300,16.00,16.00,790330021188,sí,
"Jugos, tés y lácteos",790330021171,RICA MANZANA 16 ONZ,45.00,28.0500,47.00,47.00,790330021171,sí,
"Jugos, tés y lácteos",790330005300,RICA MANZANA 1LITRO,115.00,65.2500,0.00,0.00,790330005300,sí,
"Jugos, tés y lácteos",790330050621,RICA MANZANA 250 ML.,30.00,16.1800,22.00,22.00,790330050621,sí,
"Jugos, tés y lácteos",790330021164,RICA MANZANA 32 OZ,80.00,49.0000,0.00,0.00,790330021164,sí,
"Jugos, tés y lácteos",790330050386,RICA MANZANA 500ML,50.00,28.8100,0.00,0.00,790330050386,sí,
"Jugos, tés y lácteos",790330030012,RICA MANZANA 64 ONZ,150.00,91.5200,0.00,0.00,790330030012,sí,
"Jugos, tés y lácteos",790330050072,RICA MANZANA LITRO,90.00,52.5400,0.00,0.00,790330050072,sí,
"Jugos, tés y lácteos",790330021973,RICA MANZANA SIN AZUCAR,45.00,43.2200,-1.00,0.00,790330021973,sí,
"Jugos, tés y lácteos",790330021126,RICA NARANJA %100 SIN AZUCAR 32 OZ,170.00,100.3100,9.00,9.00,790330021126,sí,
"Jugos, tés y lácteos",790330021003,RICA NARANJA 10 OZ,35.00,21.5800,-4.00,0.00,790330021003,sí,
"Jugos, tés y lácteos",790330021225,RICA NARANJA 100 % SIN AZUCAR 1/2,320.00,193.8500,8.00,8.00,790330021225,sí,
"Jugos, tés y lácteos",790330021089,RICA NARANJA 100% 16 ONZ,75.00,44.1500,14.00,14.00,790330021089,sí,
"Jugos, tés y lácteos",790330021133,RICA NARANJA 100% 296 ML,55.00,28.3600,-2.00,0.00,790330021133,sí,
"Jugos, tés y lácteos",790330021119,RICA NARANJA 100% C/A,275.00,163.3400,5.00,5.00,790330021119,sí,
"Jugos, tés y lácteos",790330021072,RICA NARANJA 100/% 32 OZ,140.00,84.2100,10.00,10.00,790330021072,sí,
"Jugos, tés y lácteos",790330004655,RICA NARANJA 200ML SIN AZUCAR,40.00,19.0100,-1.00,0.00,790330004655,sí,
"Jugos, tés y lácteos",790330004600,RICA NARANJA 33.8,150.00,90.6800,0.00,0.00,790330004600,sí,
"Jugos, tés y lácteos",790330004617,RICA NARANJA 33.8 OZ SIN AZUCAR,130.00,66.3900,0.00,0.00,790330004617,sí,
"Jugos, tés y lácteos",790330005133,RICA NARANJA BANANA,100.00,56.9300,0.00,0.00,790330005133,sí,
"Jugos, tés y lácteos",790330021805,RICA NARANJA BANANA,40.00,26.6600,0.00,0.00,790330021805,sí,
"Jugos, tés y lácteos",790330051109,RICA NARANJA BANANA SORBETE,35.00,21.1900,0.00,0.00,790330051109,sí,
"Jugos, tés y lácteos",790330005171,RICA NARANJA CHINOLA LT PLASTICO,140.00,72.0300,0.00,0.00,790330005171,sí,
"Jugos, tés y lácteos",790330021027,RICA NARANJA DEL CAMPO,60.00,32.2900,26.00,26.00,790330021027,sí,
"Jugos, tés y lácteos",790330021898,RICA NARANJA PINA,70.00,43.2200,0.00,0.00,790330021898,sí,
"Jugos, tés y lácteos",790330021140,RICA NARANJA SIN AZUCAR 16 OZ,85.00,51.7800,62.00,62.00,790330021140,sí,
"Jugos, tés y lácteos",790330021157,RICA NARANJA SIN AZUCAR PEQ.,55.00,32.6000,-1.00,0.00,790330021157,sí,
"Jugos, tés y lácteos",790330050065,RICA NECTAR DE GUAYABA,20.00,11.4800,0.00,0.00,790330050065,sí,
"Jugos, tés y lácteos",790330050607,RICA NECTAR DE GUAYABA,30.00,16.1800,1.00,1.00,790330050607,sí,
"Jugos, tés y lácteos",790330050140,RICA NECTAR DE MANGO 250 ML,20.00,12.4800,0.00,0.00,790330050140,sí,
"Jugos, tés y lácteos",790330050133,RICA NECTAR DE MANGO LITRO,80.00,55.9300,0.00,0.00,790330050133,sí,
"Jugos, tés y lácteos",790330050041,RICA NECTAR DE PERA 250 ML.,20.00,20.9400,0.00,0.00,790330050041,sí,
"Jugos, tés y lácteos",790330050034,RICA NECTAR DE PERA LITRO,55.00,20.4400,0.00,0.00,790330050034,sí,
"Jugos, tés y lácteos",790330021928,RICA ORANGE MANGO,27.00,16.7800,0.00,0.00,790330021928,sí,
"Jugos, tés y lácteos",790330021935,RICA ORANGE MANO,40.00,26.6600,0.00,0.00,790330021935,sí,
"Jugos, tés y lácteos",790330021881,RICA ORANGE PIÑA,30.00,16.7800,0.00,0.00,790330021881,sí,
"Jugos, tés y lácteos",790330021515,RICA PERA 64 ONZ,75.00,51.0000,-2.00,0.00,790330021515,sí,
"Jugos, tés y lácteos",790330021232,RICA PERA LITRO,80.00,49.5800,0.00,0.00,790330021232,sí,
"Jugos, tés y lácteos",790330050447,RICA PERA NECTAR 330ML,40.00,14.3400,-2.00,0.00,790330050447,sí,
"Jugos, tés y lácteos",790330050652,RICA PERA NECTAR CON SOLVETE,30.00,16.1800,13.00,13.00,790330050652,sí,
"Jugos, tés y lácteos",790330005324,RICA PINEABLE 1 LIT,140.00,85.0000,0.00,0.00,790330005324,sí,
"Jugos, tés y lácteos",790330022017,RICA PIÑA,70.00,43.2200,0.00,0.00,790330022017,sí,
"Jugos, tés y lácteos",790330050638,RICA PIÑA GUAYABA 250 ML.,30.00,16.1800,1.00,1.00,790330050638,sí,
"Jugos, tés y lácteos",790330021294,RICA PIÑA GUAYABA 32 OZ.,60.00,55.9300,0.00,0.00,790330021294,sí,
"Jugos, tés y lácteos",790330022024,RICA PIÑA SIN AZUCAL GRANDE.59.OZ,280.00,170.9700,1.00,1.00,790330022024,sí,
"Jugos, tés y lácteos",790330014333,RICA TAMARINDO,90.00,52.5400,0.00,0.00,790330014333,sí,
"Jugos, tés y lácteos",790330006741,RICA YOGURT FRESA,55.00,31.7600,18.00,18.00,790330006741,sí,
"Jugos, tés y lácteos",790330006703,RICA YOGURT NATURAL,50.00,31.7600,4.00,4.00,790330006703,sí,
"Jugos, tés y lácteos",790330006789,RICA YOGURT VAINILLA,50.00,27.5200,0.00,0.00,790330006789,sí,
"Jugos, tés y lácteos",777,TE FRIO DE MAQUINA,50.00,25.0000,0.00,0.00,,sí,
Aguas,796025000025,AGUA CRISTAL BOTELLA,15.00,8.9900,0.00,0.00,796025000025,sí,
Aguas,796025000483,AGUA CRYSTAL LITRO,35.00,20.8300,0.00,0.00,796025000483,sí,
Aguas,8020141152002,AGUA MIA,25.00,15.6400,0.00,0.00,8020141152002,sí,
Aguas,8003430100656,AGUA MINERAL S. BERNARDO..500.C.L,90.00,58.6170,3.00,3.00,8003430100656,sí,
Aguas,8003430100311,AGUA MINERAL S. BERNARDO..750.C.L,120.00,61.2900,2.00,2.00,8003430100311,sí,
Aguas,8002270015991,AGUA S.PELLEGRINO,85.00,58.3210,0.00,0.00,8002270015991,sí,
Aguas,8020141214007,AGUA SANT ANNA,30.00,18.2812,0.00,0.00,8020141214007,sí,
Aguas,8020141204008,AGUA SANT ANNA LITRO,80.00,44.8300,0.00,0.00,8020141204008,sí,
Aguas,765066747367,AQUALY AGUA MINERAL,45.00,27.1186,102.00,102.00,765066747367,sí,
Aguas,893919001301,ICE LANDIC GLACIAL,280.00,162.0000,7.00,7.00,893919001301,sí,
Aguas,893919001608,ICE.PH8.4 LANDIC GLACIAL,115.00,80.4600,4.00,4.00,893919001608,sí,
Aguas,8004192102209,LAURETANA AGUA CON GAS,160.00,94.7500,0.00,0.00,8004192102209,sí,
Aguas,8002270136559,S. PELLECRINO,135.00,81.2000,0.00,0.00,8002270136559,sí,
Aguas,8002270536472,S.PELLEGRINO 500ML,120.00,67.1000,0.00,0.00,8002270536472,sí,
Aguas,8002270000188,S.PELLEGRINO 750,150.00,84.7900,0.00,0.00,8002270000188,sí,
Aguas,8020141101307,SANT ANNA SPARKLING 75.M.L,200.00,108.8333,4.00,4.00,8020141101307,sí,
Aguas,8007601001049,SANTA VITTORIA AGUA MINERAL,30.00,19.5833,0.00,0.00,8007601001049,sí,
Snacks salados,7862126331641,"BANANASTO,GO PLANTAIN STRIPS",230.00,135.5100,0.00,0.00,7862126331641,sí,
Snacks salados,853240003023,BRUSCHETTINI BLACK AND GREEN,240.00,155.4167,0.00,0.00,853240003023,sí,
Snacks salados,853240003009,BRUSCHETTINI CLASICO,240.00,155.4167,0.00,0.00,853240003009,sí,
Snacks salados,853240003153,BRUSCHETTINI GARLIC & PARSLEY,240.00,155.4167,0.00,0.00,853240003153,sí,
Snacks salados,853240003016,BRUSCHETTINI ROSEMARY & OLIVE OIL,240.00,155.4167,0.00,0.00,853240003016,sí,
Snacks salados,7750168001687,CLUB SOCIAL INTEGRAL GALLETA,15.00,8.1000,-4.00,0.00,7750168001687,sí,
Snacks salados,7622300375713,CLUB SOCIAL INTEGRAL PAQUETES,180.00,110.0000,3.00,3.00,7622300375713,sí,
Snacks salados,7622300051327,CLUB SOCIAL PAQ,60.00,2.4200,-1.00,0.00,7622300051327,sí,
Snacks salados,7622210101273,CLUB SOCIAL SABOR A NACHO,10.00,8.2640,0.00,0.00,7622210101273,sí,
Snacks salados,7622210101396,CLUB SOCIAL SABOR QUESO CEBOLLA,10.00,4.5200,0.00,0.00,7622210101396,sí,
Snacks salados,894185000852,CRISPS ASIAN PEAR REAL SLICED,70.00,45.0000,0.00,0.00,894185000852,sí,
Snacks salados,894185000494,CRISPS STRAWEBERRY BANANA,70.00,45.0000,0.00,0.00,894185000494,sí,
Snacks salados,852109004034,ENLIGHTENED BBQ,65.00,36.6666,0.00,0.00,852109004034,sí,
Snacks salados,852109004003,ENLIGHTENED SEA SALT,65.00,36.6666,0.00,0.00,852109004003,sí,
Snacks salados,853240003238,FOCACCIBITES AJO & PEREGIL,240.00,150.9375,0.00,0.00,853240003238,sí,
Snacks salados,853240003214,FOCACCIBITES OLIVE OIL SEA SALT,240.00,150.9375,0.00,0.00,853240003214,sí,
Snacks salados,853240003221,FOCACCIBITIES TOMATE Y OREGANO,240.00,150.9375,0.00,0.00,853240003221,sí,
Snacks salados,811387010281,FRUIT CRISPS CHILDREND,70.00,45.0000,0.00,0.00,811387010281,sí,
Snacks salados,811387010274,FRUIT CRISPS REAL SLICED APPLES,70.00,45.9700,0.00,0.00,811387010274,sí,
Snacks salados,811387010298,FRUIT CRISPS STRAWBERRIES &,70.00,45.0000,0.00,0.00,811387010298,sí,
Snacks salados,894185000487,FUJI APPLE CRISPS,70.00,45.0000,0.00,0.00,894185000487,sí,
Snacks salados,850126007045,HIPPEAS FAR OUT FAJITAS,90.00,65.0000,0.00,0.00,850126007045,sí,
Snacks salados,850126007090,HIPPEAS SRIACHA SUNSHINE,90.00,65.0000,0.00,0.00,850126007090,sí,
Snacks salados,765857349893,KIKABONI PITA CHIPS MORINGA,60.00,36.9225,0.00,0.00,765857349893,sí,
Snacks salados,765857349909,KIKABONI PITA CHIPS QUINOA CRUNCHY,60.00,36.9225,0.00,0.00,765857349909,sí,
Snacks salados,856414002174,LULU MADURITOS DULCE 2.11,35.00,18.9700,0.00,0.00,856414002174,sí,
Snacks salados,856414001023,MADURITOS MAYTE LULU 85GM,50.00,24.1100,0.00,0.00,856414001023,sí,
Snacks salados,7798151950468,MANI KING GARRAPIÑA,20.00,10.0000,0.00,0.00,7798151950468,sí,
Snacks salados,856414001078,MAYTE MADURITOS NATURAL 5.0,70.00,40.4000,0.00,0.00,856414001078,sí,
Snacks salados,856414001085,MAYTE PLATANITOS LEMON 5.0,70.00,48.0000,0.00,0.00,856414001085,sí,
Snacks salados,856414001139,MAYTE PLATANITOS SALTED NATURAL,70.00,48.0000,0.00,0.00,856414001139,sí,
Snacks salados,873617005245,NUTRI SNACKS ENERGY,65.00,38.1300,0.00,0.00,873617005245,sí,
Snacks salados,873617001759,NUTRI SNACKS LIMA LIMON,85.00,42.5000,8.00,8.00,873617001759,sí,
Snacks salados,873617000165,NUTRI SNACKS MACADAMIA,80.00,42.5000,-8.00,0.00,873617000165,sí,
Snacks salados,8801043008525,ONION RINGS SNACK,60.00,44.6200,0.00,0.00,8801043008525,sí,
Snacks salados,850000725287,ORIGINAL TOSTONES,295.00,171.6250,4.00,4.00,850000725287,sí,
Snacks salados,7750168001694,PAQUETE CLUB SOCIAL INTEGRAL 9/1,60.00,58.1700,0.00,0.00,7750168001694,sí,
Snacks salados,856414001160,PLATANITOS CHILE LULU,35.00,17.5200,0.00,0.00,856414001160,sí,
Snacks salados,856414001108,PLATANITOS LIMON CHIPS MAYTE,50.00,25.0000,0.00,0.00,856414001108,sí,
Snacks salados,856414001191,PLATANITOS LIMON LULU,35.00,17.5200,0.00,0.00,856414001191,sí,
Snacks salados,856414001054,PLATANITOS LIMON MAYTE,50.00,48.0000,0.00,0.00,856414001054,sí,
Snacks salados,856414001184,PLATANITOS LULU CHIPS SALADO,35.00,17.5200,0.00,0.00,856414001184,sí,
Snacks salados,856414001207,PLATANITOS LULU CON AJO BNATURAL,35.00,17.5200,0.00,0.00,856414001207,sí,
Snacks salados,856414001092,PLATANITOS MAYTE NATURAL,50.00,24.4000,0.00,0.00,856414001092,sí,
Snacks salados,856414001016,PLATANITOS MAYTE SALADO,50.00,21.2000,0.00,0.00,856414001016,sí,
Snacks salados,856414002167,PLATANITOS SALADO LULU,35.00,21.2000,0.00,0.00,856414002167,sí,
Snacks salados,893594002112,POPCORNERS,240.00,145.4800,0.00,0.00,893594002112,sí,
Snacks salados,7622300124526,RITZ CON QUESO 4 GALLETA,25.00,11.6900,0.00,0.00,7622300124526,sí,
Snacks salados,764090053710,SNCKS MAS-MAS-MANI CON PASAS,35.00,19.5546,4.00,4.00,764090053710,sí,
Snacks salados,850000725249,SWEET CHILI TOSTONES,295.00,171.6250,9.00,9.00,850000725249,sí,
Snacks salados,850000725263,TOSTONES ABANEROS,295.00,171.6250,9.00,9.00,850000725263,sí,
Snacks salados,850000725256,TOSTONES BAR B QUE,295.00,171.6250,1.00,1.00,850000725256,sí,
Snacks salados,7862106721882,TOSTONES BY CHIFLETON TANJIN,450.00,274.0000,-1.00,0.00,7862106721882,sí,
Snacks salados,850000725270,TOSTONES LIME,295.00,171.6250,8.00,8.00,850000725270,sí,
Snacks salados,7862126330989,TOSTONES TO-GO-PREMIUM GARLIC,210.00,129.3600,0.00,0.00,7862126330989,sí,
Snacks salados,7862126330972,TOSTONES TO.GO,225.00,129.3600,1.00,1.00,7862126330972,sí,
Snacks salados,771,TRULULU SNACK,75.00,23.6500,0.00,0.00,,sí,
Galletas y bizcochos,8690481004714,AFFIX HAZAL VISNELI ISLAK,15.00,7.8200,0.00,0.00,8690481004714,sí,
Galletas y bizcochos,8690481003267,ANITA HAZAL GALLETAS KANSIK,25.00,14.2500,0.00,0.00,8690481003267,sí,
Galletas y bizcochos,8690481002437,ANITA HAZAL SANDWICH BISCUIT,15.00,8.4300,0.00,0.00,8690481002437,sí,
Galletas y bizcochos,7790040930407,BAGLEY GALLETA AMOR,30.00,15.0000,0.00,0.00,7790040930407,sí,
Galletas y bizcochos,7790040930209,BAGLEY GALLETA MELLIZAS,30.00,15.2777,-1.00,0.00,7790040930209,sí,
Galletas y bizcochos,77903518,BAGLEY GALLETA OPERA,30.00,16.2500,0.00,0.00,77903518,sí,
Galletas y bizcochos,7790040930506,BAGLEY GALLETA RUMBA,30.00,15.7700,0.00,0.00,7790040930506,sí,
Galletas y bizcochos,7790040999404,BAGLEY GALLETA SALVADO FIBRA,45.00,23.6111,0.00,0.00,7790040999404,sí,
Galletas y bizcochos,80752981,BALCONI MIX MAX COCO,40.00,20.0000,6.00,6.00,80752981,sí,
Galletas y bizcochos,7790040726505,BAYLEY SALVADO ORIGINAL 230G,40.00,27.0000,0.00,0.00,7790040726505,sí,
Galletas y bizcochos,8410368000970,BIZCOCHO GRANDE,190.00,79.0000,-3.00,0.00,8410368000970,sí,
Galletas y bizcochos,8410368040082,BIZCOCHO INTEGRAL 0%,115.00,63.9900,0.00,0.00,8410368040082,sí,
Galletas y bizcochos,8410368039611,BIZCOCHOS INTEGRAL 0% AZUCAR,35.00,23.0000,0.00,0.00,8410368039611,sí,
Galletas y bizcochos,8410014378330,BOCADITOS CHOCO,20.00,7.9600,0.00,0.00,8410014378330,sí,
Galletas y bizcochos,8410014317070,BOCADITOS LIMON,20.00,7.9600,0.00,0.00,8410014317070,sí,
Galletas y bizcochos,765066783532,BROWNIE,90.00,50.0000,-3.00,0.00,765066783532,sí,
Galletas y bizcochos,8410368033329,CAJAS D MINI CONCHAS,130.00,75.0000,0.00,0.00,8410368033329,sí,
Galletas y bizcochos,7750243004534,CASINO GALLETAS VARIADAS,45.00,1.0000,0.00,0.00,7750243004534,sí,
Galletas y bizcochos,7622300268633,CHIPS AHOY CHISPA CHOCOLATE,40.00,22.1600,0.00,0.00,7622300268633,sí,
Galletas y bizcochos,7622210259004,CHIPS AHOY GALLETAS 38 G,20.00,5.9325,-1.00,0.00,7622210259004,sí,
Galletas y bizcochos,8080,CHIPS AHOY GRANDES 3 PAQ.,1300.00,805.0000,1.00,1.00,,sí,
Galletas y bizcochos,787692834617,CHOCOLATE CHIP COOKIE,260.00,150.0000,0.00,0.00,787692834617,sí,
Galletas y bizcochos,787692835416,COMPLETE COOKIE PEANUT BUTTER,260.00,150.0000,0.00,0.00,787692835416,sí,
Galletas y bizcochos,787692835386,COOKIE COCONUT CHOCOLATE CHIP,150.00,100.0000,0.00,0.00,787692835386,sí,
Galletas y bizcochos,787692835430,COOKIE COMPLETE APPLE PIE,200.00,108.3300,0.00,0.00,787692835430,sí,
Galletas y bizcochos,787692835331,COOKIE DOUBLE CHOCOLATE,260.00,150.0000,0.00,0.00,787692835331,sí,
Galletas y bizcochos,787692835355,COOKIE SNICKEDOODLE,240.00,141.6600,0.00,0.00,787692835355,sí,
Galletas y bizcochos,8904006206058,CREAM FRESH STRAWBERRY GALLETA,20.00,8.2740,0.00,0.00,8904006206058,sí,
Galletas y bizcochos,8904006206072,CREAM FRESH VANILLA GALLETA,20.00,7.9558,0.00,0.00,8904006206072,sí,
Galletas y bizcochos,8906001385028,CREMICA GLUCOSE GALLETA,10.00,3.5308,0.00,0.00,8906001385028,sí,
Galletas y bizcochos,810010660886,CREMICA KOKO,10.00,4.1100,1.00,1.00,810010660886,sí,
Galletas y bizcochos,8906001386001,CREMICA MALT N MILK,10.00,3.5311,0.00,0.00,8906001386001,sí,
Galletas y bizcochos,8906001386278,CREMICA NICE SABOR A COCO,10.00,3.5311,0.00,0.00,8906001386278,sí,
Galletas y bizcochos,8906001385387,CREMITA COCONUT CRUNCHIES,10.00,3.5309,0.00,0.00,8906001385387,sí,
Galletas y bizcochos,8902335028884,DANISH BUTTER COOKIES 12OZ,200.00,95.3391,0.00,0.00,8902335028884,sí,
Galletas y bizcochos,8901972057493,DANISH GALLETAS PREMIUM,190.00,120.3800,0.00,0.00,8901972057493,sí,
Galletas y bizcochos,8901972073592,DANISH PRIDE GALLETA DE LUJO,175.00,98.8700,0.00,0.00,8901972073592,sí,
Galletas y bizcochos,8904006230077,DYNAS GALLETA SANDWICCH CREAM,20.00,10.0000,0.00,0.00,8904006230077,sí,
Galletas y bizcochos,8901972068666,GALLETA BUTTER COOKIES,100.00,44.1400,-1.00,0.00,8901972068666,sí,
Galletas y bizcochos,781718687720,GALLETA CHOCO CHIP,60.00,25.0000,0.00,0.00,781718687720,sí,
Galletas y bizcochos,8902335013163,GALLETA DANESA GRANDE,165.00,98.8700,0.00,0.00,8902335013163,sí,
Galletas y bizcochos,8902335013156,GALLETA DANESA PEQ,110.00,56.4900,0.00,0.00,8902335013156,sí,
Galletas y bizcochos,781718687737,GALLETA DE AVENA,60.00,41.3000,-18.00,0.00,781718687737,sí,
Galletas y bizcochos,8901972071888,GALLETAS BUTTER COOKIES,125.00,0.0000,0.00,0.00,8901972071888,sí,
Galletas y bizcochos,8902335006189,GALLETAS DANISH REGALIA 4.0 OZ,100.00,49.4300,0.00,0.00,8902335006189,sí,
Galletas y bizcochos,8902335005236,GALLETAS NAVIDEÑAS VAINILLA,50.00,22.0692,0.00,0.00,8902335005236,sí,
Galletas y bizcochos,765351901221,GINA GALLETA CHEESE,15.00,8.3863,0.00,0.00,765351901221,sí,
Galletas y bizcochos,888109010683,HOSTESS TWINKIES SPOGE,40.00,26.3593,0.00,0.00,888109010683,sí,
Galletas y bizcochos,7896071021210,KELLI GALLETAS VARIADAS,30.00,23.0000,0.00,0.00,7896071021210,sí,
Galletas y bizcochos,809552099283,LLENITAS DE CHOCOLATES,5.00,2.5425,0.00,0.00,809552099283,sí,
Galletas y bizcochos,809552088708,LLENITAS DE LIMON,5.00,2.5425,-1.00,0.00,809552088708,sí,
Galletas y bizcochos,8095520099247,LLENITAS DE VANILLAS,5.00,2.5425,0.00,0.00,8095520099247,sí,
Galletas y bizcochos,8410120500038,MARIA GALLETAS CUETARA 200G,50.00,40.0000,0.00,0.00,8410120500038,sí,
Galletas y bizcochos,797936000470,MARIA LIDO GALLETA 135G,30.00,14.0000,0.00,0.00,797936000470,sí,
Galletas y bizcochos,7896003701180,MARILAN GALLETA WAFER BAUNY,35.00,23.2550,0.00,0.00,7896003701180,sí,
Galletas y bizcochos,8904006291009,MINEES RICH CHOCOLATE,5.00,3.0000,0.00,0.00,8904006291009,sí,
Galletas y bizcochos,8904006291016,MINEES RICH VANILLA MORADA,5.00,3.0000,0.00,0.00,8904006291016,sí,
Galletas y bizcochos,8904006291047,MINEES SANDWICH COOKIES,5.00,3.0000,0.00,0.00,8904006291047,sí,
Galletas y bizcochos,8904006291030,MINEES STRAWBERRY CREMA,5.00,3.0000,0.00,0.00,8904006291030,sí,
Galletas y bizcochos,8904006291023,MINEES VANILLA CHOCOLATE RICH,5.00,3.0000,0.00,0.00,8904006291023,sí,
Galletas y bizcochos,8410368033848,MINI CONCHAS DUOCAO,25.00,13.0000,0.00,0.00,8410368033848,sí,
Galletas y bizcochos,8410368033312,MINI CONCHAS ORIGINAL,35.00,13.0000,0.00,0.00,8410368033312,sí,
Galletas y bizcochos,7702189041197,MINIS QUAKER,25.00,14.0100,0.00,0.00,7702189041197,sí,
Galletas y bizcochos,80602316,MIXMAX,35.00,20.0000,6.00,6.00,80602316,sí,
Galletas y bizcochos,7702011003881,MOMENTS GALLETAS 280G,70.00,44.0000,0.00,0.00,7702011003881,sí,
Galletas y bizcochos,787692834624,OATMEAL RAISIN COOKIE,260.00,150.0000,0.00,0.00,787692834624,sí,
Galletas y bizcochos,7702133009037,OREO CAKESTERS,40.00,21.0000,-3.00,0.00,7702133009037,sí,
Galletas y bizcochos,7750168002240,OREO CHOCOLATE,15.00,15.0000,0.00,0.00,7750168002240,sí,
Galletas y bizcochos,7622202217579,OREO ROLLO REG. EXTRA CONTENIDO,70.00,41.1300,0.00,0.00,7622202217579,sí,
Galletas y bizcochos,787692835324,PUMPKIN SPICE COMPLETE COOKIE,150.00,100.0000,0.00,0.00,787692835324,sí,
Galletas y bizcochos,7702025182329,RECREO GALLETAS,5.00,2.0000,0.00,0.00,7702025182329,sí,
Galletas y bizcochos,7702025182305,RECREO GALLETAS PACKS,70.00,50.0000,0.00,0.00,7702025182305,sí,
Galletas y bizcochos,8410368002936,RIZADA INTEGRALES 3/1,30.00,15.2100,0.00,0.00,8410368002936,sí,
Galletas y bizcochos,8410368000390,ROBIN RELLENO CREMA UNIDAD,35.00,18.7500,0.00,0.00,8410368000390,sí,
Galletas y bizcochos,8410368034678,ROBIN RELLENO DE CREMA PAQ.,130.00,75.0000,0.00,0.00,8410368034678,sí,
Galletas y bizcochos,80661641,ROLLINO COCOA,40.00,24.0000,2.00,2.00,80661641,sí,
Galletas y bizcochos,8001585010103,ROLLINO PISTACCHO,45.00,26.0000,0.00,0.00,8001585010103,sí,
Galletas y bizcochos,80633051,ROLLINO PISTACCHO,45.00,26.0000,4.00,4.00,80633051,sí,
Galletas y bizcochos,781718687713,ROLLO DE CANELA,75.00,30.0000,0.00,0.00,781718687713,sí,
Galletas y bizcochos,7702011048301,SULITIDAS NAVIDEÑAS GALLETAS 8.45G,80.00,53.0000,0.00,0.00,7702011048301,sí,
Galletas y bizcochos,7702011003553,SULTIDA HAPPY HOLIDAYS GALLETAS,70.00,40.0000,0.00,0.00,7702011003553,sí,
Galletas y bizcochos,7702011014184,SULTIDA NAVIDEÑAS GALLETA 240G,80.00,54.0000,0.00,0.00,7702011014184,sí,
Galletas y bizcochos,8904006205082,TREFF CHOCO VANILLA PQ,15.00,10.0000,0.00,0.00,8904006205082,sí,
Galletas y bizcochos,8904006206065,TREFF CREAN FRESH CHOCOLATE,35.00,8.9935,0.00,0.00,8904006206065,sí,
Galletas y bizcochos,8904006291054,TREFF MINEES 10 PAKS GALLETA,60.00,40.0000,0.00,0.00,8904006291054,sí,
Galletas y bizcochos,80633044,TRONCCETTO BALCONI GALLETA,15.00,8.0000,0.00,0.00,80633044,sí,
Galletas y bizcochos,7891962005553,VISCONTI GALL-VARIADO 140G,35.00,25.0000,0.00,0.00,7891962005553,sí,
Galletas y bizcochos,787692838349,WHITE CHOCOLATE MACADAMIA,260.00,150.0000,0.00,0.00,787692838349,sí,
Chocolates,7702993042311,BIANCHI CARAMELO Y MANI,40.00,23.6400,0.00,0.00,7702993042311,sí,
Chocolates,7702993022283,CHOCOLATE BLANCO BIANCHI,120.00,64.7800,0.00,0.00,7702993022283,sí,
Chocolates,776,CHOCOLATE CON ALCOHOLMINIATURA,15.00,10.2600,0.00,0.00,,sí,
Chocolates,764090052515,CORTES ALMENDRA,45.00,27.7777,0.00,0.00,764090052515,sí,
Chocolates,764090052478,CORTES PREMIUM CONO CREAM,45.00,27.7777,0.00,0.00,764090052478,sí,
Chocolates,764090052454,CORTES WAFFLE,45.00,27.7777,0.00,0.00,764090052454,sí,
Chocolates,764090052119,CRACHI CHOCOLATE,25.00,16.0417,0.00,0.00,764090052119,sí,
Chocolates,7891000369371,CRUNCH CHOCOLATE,190.00,112.0231,3.00,3.00,7891000369371,sí,
Chocolates,8690997158611,ECLAINS ASSRTED CHOCOLATE,330.00,235.6900,0.00,0.00,8690997158611,sí,
Chocolates,869302920023,ELVAN ICEBERG CHOCOLTE 50G,220.00,170.0000,0.00,0.00,869302920023,sí,
Chocolates,7891233,GAROTO CHOCOLATE 7 G,5.00,5.0000,0.00,0.00,,sí,
Chocolates,8690997111753,GIFT CHOCOLATES SULTIDOS,160.00,106.0000,0.00,0.00,8690997111753,sí,
Chocolates,7899970401206,"HERSHEY,S CHOCO TUBES",40.00,25.0000,1.00,1.00,7899970401206,sí,
Chocolates,7891000248768,KIT KAT DARK,105.00,62.1470,51.00,51.00,7891000248768,sí,
Chocolates,7891000249239,KIT KAT WHITE BLANCO,105.00,62.1470,4.00,4.00,7891000249239,sí,
Chocolates,8746197756475,MANI CON CHOCOLATE,55.00,35.0000,0.00,0.00,8746197756475,sí,
Chocolates,764090052157,MAS-MAS CHOCOLATE,50.00,27.9000,-16.00,0.00,764090052157,sí,
Chocolates,764090052133,MILK CHOCOLATE BARRA,50.00,27.9000,-15.00,0.00,764090052133,sí,
Chocolates,764090052430,PREMIUM CHOCOLATE CACAO,40.00,30.0000,0.00,0.00,764090052430,sí,
Chocolates,764090052416,PREMIUM CHOCOLATE CAFE,45.00,27.7777,0.00,0.00,764090052416,sí,
Chocolates,764090053703,ROCKY ALMENDRAS TOSTADAS,65.00,35.8563,5.00,5.00,764090053703,sí,
Chocolates,764090052171,ROCKY KID CHOCOLATE,25.00,16.0417,0.00,0.00,764090052171,sí,
Chocolates,8413725004062,SAN ANDRES TURRONES,100.00,52.6666,0.00,0.00,8413725004062,sí,
Chocolates,8412704007308,TURRON IMPERIAL DON RODRIGO,100.00,31.7800,-1.00,0.00,8412704007308,sí,
Chicles y caramelos,840004098302,AVENGERS MARTILLO DULCE,75.00,105.0000,0.00,0.00,840004098302,sí,
Chicles y caramelos,7702133853265,CERTS AQUA SANDIA,15.00,15.0000,0.00,0.00,7702133853265,sí,
Chicles y caramelos,7702133100130,CHICLETS ADANS EXTEND DUKA WOS,20.00,6.3300,0.00,0.00,7702133100130,sí,
Chicles y caramelos,7891200001637,COQUI,85.00,49.5000,0.00,0.00,7891200001637,sí,
Chicles y caramelos,7777,DULCE CON JUEGUETE,50.00,15.0000,11.00,11.00,,sí,
Chicles y caramelos,8410525116759,FINI JELLY BANANAS,60.00,43.0000,0.00,0.00,8410525116759,sí,
Chicles y caramelos,8410525143403,FINI PASTEQUE,60.00,43.0000,0.00,0.00,8410525143403,sí,
Chicles y caramelos,8410525211065,FINI SOUR LACES,70.00,40.0000,0.00,0.00,8410525211065,sí,
Chicles y caramelos,7896058593839,FRUTINAS GOMITAS,60.00,0.0000,0.00,0.00,7896058593839,sí,
Chicles y caramelos,763061080892,FUN FACTORY JEEP,125.00,72.5000,0.00,0.00,763061080892,sí,
Chicles y caramelos,7896451908575,GOMITAS NAVIDEÑAS,190.00,118.6400,0.00,0.00,7896451908575,sí,
Chicles y caramelos,7891151017404,GOMUTCHO GOMITAS,10.00,4.0000,0.00,0.00,7891151017404,sí,
Chicles y caramelos,7622210427045,HALLS BARRA CHERRY,30.00,13.0374,55.00,55.00,7622210427045,sí,
Chicles y caramelos,7622210427076,HALLS MENTHOL LYPTUS BARRAS,30.00,13.0374,45.00,45.00,7622210427076,sí,
Chicles y caramelos,7622202015212,HALLS STRONG BARRAS,30.00,13.0374,44.00,44.00,7622202015212,sí,
Chicles y caramelos,872635001802,HELLO KITTY HEADULIGHT POP,50.00,33.0000,0.00,0.00,872635001802,sí,
Chicles y caramelos,872635001246,HELLO KITTY MARSHMALLOW POPS,100.00,68.5000,0.00,0.00,872635001246,sí,
Chicles y caramelos,8850197580951,HUEVO KING EGG,100.00,15.0000,13.00,13.00,8850197580951,sí,
Chicles y caramelos,7896286601900,ICEKISS MENTHOLYPTUS,20.00,6.5375,0.00,0.00,7896286601900,sí,
Chicles y caramelos,840004097466,LAPTOP CAR C/DULCE,125.00,63.2600,0.00,0.00,840004097466,sí,
Chicles y caramelos,7801615692283,MENTITAS FRESCOLI,15.00,10.0000,0.00,0.00,7801615692283,sí,
Chicles y caramelos,78925281,MENTOS FRESA 12,45.00,8.7200,0.00,0.00,78925281,sí,
Chicles y caramelos,78914681,MENTOS MENTA,60.00,16.8785,0.00,0.00,78914681,sí,
Chicles y caramelos,78930643,MENTOS TUTTI FRUTTI 12,35.00,19.0000,0.00,0.00,78930643,sí,
Chicles y caramelos,7896262304306,MENTOS VARIADOS,50.00,22.5047,0.00,0.00,7896262304306,sí,
Chicles y caramelos,763061082001,MILITARY HUMMER/ARMY,110.00,72.5000,0.00,0.00,763061082001,sí,
Chicles y caramelos,816251010428,MOTO 9P FANTASY TOYS,160.00,101.8333,0.00,0.00,816251010428,sí,
Chicles y caramelos,787545004914,OLI GELATINA,35.00,19.4200,480.00,480.00,787545004914,sí,
Chicles y caramelos,7702402057615,PALETA TOSH,65.00,37.1243,4.00,4.00,7702402057615,sí,
Chicles y caramelos,871478617225,PRINCESA POP TOY PIZARRA,150.00,100.0000,0.00,0.00,871478617225,sí,
Chicles y caramelos,854929006557,SOUR BELTS TIRAS ACIDAS,15.00,7.3100,2.00,2.00,854929006557,sí,
Chicles y caramelos,7702133879494,SPARKIES BUBBALOO ADAMS,20.00,6.5601,0.00,0.00,7702133879494,sí,
Chicles y caramelos,7622201801229,TRIDEN SPLASH VAINILLA,50.00,25.2800,0.00,0.00,7622201801229,sí,
Chicles y caramelos,7622202212062,TRIDENT BOTELLA SPLASH,200.00,120.6000,0.00,0.00,7622202212062,sí,
Chicles y caramelos,7622210171115,TRIDENT CHIQUITO,10.00,4.2900,0.00,0.00,7622210171115,sí,
Chicles y caramelos,7622201776664,TRIDENT MENTA,30.00,16.2973,73.00,73.00,7622201776664,sí,
Chicles y caramelos,7702133862793,TRIDENT SANDIA,25.00,9.1500,0.00,0.00,7702133862793,sí,
Chicles y caramelos,7622210973436,TRIDENT VUP FRESA,55.00,31.9100,0.00,0.00,7622210973436,sí,
Chicles y caramelos,7622210461674,TRIDENT WHITE FRESA,25.00,9.7700,0.00,0.00,7622210461674,sí,
Chicles y caramelos,7622210461704,TRIDENT WHITE MENTA,25.00,9.1500,0.00,0.00,7622210461704,sí,
Chicles y caramelos,7622210461728,TRIDENT WHITE MIORA AZUL + OFERTA,25.00,5.4800,0.00,0.00,7622210461728,sí,
Chicles y caramelos,7622210461742,TRIDENT WHITE YERBABUENA,25.00,13.0000,-1.00,0.00,7622210461742,sí,
Chicles y caramelos,7622202395130,TRIDENT X SPLASH SANDIA,60.00,30.2661,-9.00,0.00,7622202395130,sí,
Chicles y caramelos,7622202395536,TRIDENT.X YERBABUENA.17.1.G,60.00,30.2661,14.00,14.00,7622202395536,sí,
Chicles y caramelos,7622210938282,TRIDENTE VAL U PARK CANELA,50.00,27.1800,0.00,0.00,7622210938282,sí,
Chicles y caramelos,7622202394799,TRIDENTX SPLASH FRESA,60.00,30.2661,22.00,22.00,7622202394799,sí,
Chicles y caramelos,763061080700,YOYO CANDY TOYS,80.00,50.0000,0.00,0.00,763061080700,sí,
Dulces típicos,820,D.R PAQUETE DE BANDEJA DE,155.00,90.0000,5.00,5.00,,sí,
Dulces típicos,819,D.R PAQUETE DE COCADA,190.00,105.0000,5.00,5.00,,sí,
Dulces típicos,818,D.R PAQUETE DE JALAO,190.00,105.0000,5.00,5.00,,sí,
Dulces típicos,821,D.R PAQUETE DE PALETAS RODRIGUEZ,70.00,40.0000,20.00,20.00,,sí,
Dulces típicos,815,D.R PAQUETE DE RAPADURA PEQ.,195.00,105.0000,5.00,5.00,,sí,
Dulces típicos,816,D.R PAQUETE DE RAPADURA.FAMILIAR,210.00,125.0000,5.00,5.00,,sí,
Dulces típicos,817,D.R PAQUETE DE SANDWICH,190.00,105.0000,5.00,5.00,,sí,
Dulces típicos,812,D.R PASTA DE COCO LECHE Y PIÑA,190.00,105.0000,3.00,3.00,,sí,
Dulces típicos,810,D.R PASTA DE LECHE RELL. NARANJA,190.00,105.0000,4.00,4.00,,sí,
Dulces típicos,811,D.R PASTA DE LECHE Y COCO GDE,190.00,105.0000,3.00,3.00,,sí,
Dulces típicos,814,D.R PASTA DE NARANJA,195.00,110.0000,5.00,5.00,,sí,
Dulces típicos,813,D.R PASTA DE PANELA,225.00,130.0000,8.00,8.00,,sí,
Dulces típicos,8031,DR PILON,155.00,110.0000,0.00,0.00,,sí,
Dulces típicos,8025,DR. DULCE DE AJONJOLI,95.00,65.0000,0.00,0.00,,sí,
Dulces típicos,8029,DR. PALO NAVIDEÑO,180.00,125.0000,0.00,0.00,,sí,
Dulces típicos,8026,DR.CONCON DE LECHE G.DE,195.00,110.0000,0.00,0.00,,sí,
Dulces típicos,8028,DR.DULCE TRES EN UNO,160.00,90.0000,0.00,0.00,,sí,
Dulces típicos,8023,DR.PASTA DE COCO Y LECHE G.DE,180.00,105.0000,5.00,5.00,,sí,
Dulces típicos,8024,"DR.PASTA DE COCO,LECHE Y PIÑA G.DE",180.00,105.0000,-1.00,0.00,,sí,
Dulces típicos,8030,DR.PASTA DE GUAYABA GDE,180.00,105.0000,0.00,0.00,,sí,
Dulces típicos,8021,DR.PASTA DE LECHE RELL CON,180.00,105.0000,5.00,5.00,,sí,
Dulces típicos,8022,DR.PASTA DE LECHE RELL DE NARANJA,180.00,105.0000,2.00,2.00,,sí,
Dulces típicos,8020,DR.PASTA DE LECHE SOLA GRANDE,180.00,105.0000,5.00,5.00,,sí,
Dulces típicos,8027,DR.SANDWICH FAMILIAR,200.00,110.0000,0.00,0.00,,sí,
Barras de proteína,888849006038,153.21QUEST PEANUT BUTTER,345.00,171.6666,10.00,10.00,888849006038,sí,
Barras de proteína,888849000494,BARRA PROTEINA VAINILLA ALMENDRA,170.00,116.0000,0.00,0.00,888849000494,sí,
Barras de proteína,888849000630,QUEST BAR APPLE PIE,345.00,171.0000,0.00,0.00,888849000630,sí,
Barras de proteína,888849005956,QUEST BAR CAKE,380.00,199.5833,12.00,12.00,888849005956,sí,
Barras de proteína,888849004621,QUEST BAR CHOCOLATE CHIP,380.00,199.5833,13.00,13.00,888849004621,sí,
Barras de proteína,888849000432,QUEST BAR CINNAMON ROLL,180.00,63.2300,0.00,0.00,888849000432,sí,
Barras de proteína,888849000234,QUEST BAR DOUBLE CHOCOLATE,340.00,199.5833,10.00,10.00,888849000234,sí,
Barras de proteína,888849000005,QUEST BAR PROTEIN BAR 4G NET,340.00,199.5833,11.00,11.00,888849000005,sí,
Barras de proteína,888849012244,QUEST BARTHDAY CAKE,340.00,199.5833,0.00,0.00,888849012244,sí,
Barras de proteína,888849005994,QUEST CHOCOLE CHIP COOKE,345.00,171.6666,13.00,13.00,888849005994,sí,
Barras de proteína,888849006014,QUEST DOUBLE CHOCOLE CHIP COOKE,345.00,171.6666,0.00,0.00,888849006014,sí,
Barras de proteína,888849006069,QUEST OATMEAL RAISIN COOKE,155.00,102.1800,0.00,0.00,888849006069,sí,
Barras de proteína,888849006397,QUEST PEANUT BETTER BAR,200.00,144.2600,0.00,0.00,888849006397,sí,
Barras de proteína,888849008049,QUEST PEANUT CHOC. CHIP,345.00,171.6666,5.00,5.00,888849008049,sí,
Barras de proteína,888849000418,QUEST PROTEIN BAR CHOCOLATE,325.00,199.5833,11.00,11.00,888849000418,sí,
Barras de proteína,888849000456,QUEST PROTEIN BAR CHOCOLATE,215.00,130.7800,0.00,0.00,888849000456,sí,
Barras de proteína,888849003495,QUEST PROTEIN CARAMELO,345.00,171.0000,0.00,0.00,888849003495,sí,
Barras de proteína,888849010103,QUEST PROTEIN CARAMELO,380.00,203.0000,7.00,7.00,888849010103,sí,
Barras de proteína,888849010646,QUEST SNACK BAR CHOCOLATE MIXED,200.00,122.9000,0.00,0.00,888849010646,sí,
Barras de proteína,888849010707,QUEST SNACK CARAMEL ALMOND,200.00,122.9000,0.00,0.00,888849010707,sí,
Barras de proteína,888849000012,QUESTBAR CHOCOLATE CHIP,340.00,199.5833,10.00,10.00,888849000012,sí,
Barras de proteína,888849000210,QUESTBAR CHOCOLATE RASBERRY,285.00,172.3458,1.00,1.00,888849000210,sí,
Barras de proteína,8888490000470,QUESTBAR COCONUT CASHEW,170.00,98.9567,0.00,0.00,8888490000470,sí,
Barras de proteína,888849001224,QUESTBAR SMORE,380.00,203.0000,-1.00,0.00,888849001224,sí,
Despensa,8410667020174,ACEITUNA RELLENA DE JAMON,225.00,120.7627,20.00,20.00,8410667020174,sí,
Despensa,8410667020419,ACEITUNA RELLENO DE JALAPEÑO,225.00,120.7627,16.00,16.00,8410667020419,sí,
Despensa,8437001130474,ACEITUNAS ANCHOAS,130.00,77.6800,0.00,0.00,8437001130474,sí,
Despensa,8480013190219,ACEITUNAS MANZANILLA RELLENAS,160.00,81.2100,0.00,0.00,8480013190219,sí,
Despensa,8437001130450,ACEITUNAS PIMIENTOS,130.00,77.6800,0.00,0.00,8437001130450,sí,
Despensa,8480013190127,ACEITUNAS RELLENAS ANCHOA,140.00,84.7400,0.00,0.00,8480013190127,sí,
Despensa,8480013190226,ACEITUNAS RELLENAS DE PIMIENTO,150.00,90.4000,0.00,0.00,8480013190226,sí,
Despensa,866213,BUMBLE BEE EN ACEITE,80.00,42.3729,0.00,0.00,,sí,
Despensa,866203,BUMBLE BEE LIHT TUNA,75.00,47.6696,0.00,0.00,,sí,
Despensa,8701471,CARDO DE POLLO,1800.00,1262.7100,1.00,1.00,,sí,
Despensa,8411916202150,CELORIO ACERTUNAS RELLENA DE,85.00,56.5000,0.00,0.00,8411916202150,sí,
Despensa,8852021298445,CHERRSTAR ATUN EN ACEITE VEGETAL,90.00,62.0000,0.00,0.00,8852021298445,sí,
Despensa,8852021002233,CHERRYSTAR LIGTH MEAT TUNA,90.00,62.0000,0.00,0.00,8852021002233,sí,
Despensa,8410159044329,FIGARO ACEITUNAS RELLENAS,110.00,56.4973,0.00,0.00,8410159044329,sí,
Despensa,8410667005706,JOLCA ANCHOA,155.00,50.4900,0.00,0.00,8410667005706,sí,
Despensa,8423329813311,LA PEDRIZA ACERTUNA RELLENA DE,80.00,53.0000,0.00,0.00,8423329813311,sí,
Despensa,7788,NESCAFE COOKIS CREAN,1000.00,1632.8200,0.00,0.00,,sí,
Despensa,7702024004943,NESCAFE TRADICION,1400.00,1320.0000,0.00,0.00,7702024004943,sí,
Despensa,7891000372609,NESCAU DE NESTLE,2000.00,1632.8200,0.00,0.00,7891000372609,sí,
Despensa,8850468611377,SARDINAS CHERRY STAR,45.00,24.5900,0.00,0.00,8850468611377,sí,
Despensa,8410344151504,SERPIS ACEITUNA CON ANCHOA,135.00,60.0283,0.00,0.00,8410344151504,sí,
Despensa,8410344700030,SERPIS ACEITUNA PIMIENTO,125.00,60.0283,0.00,0.00,8410344700030,sí,
Despensa,8410344111508,SERPIS ACEITUNAS RELLENAS DE,40.00,25.0000,0.00,0.00,8410344111508,sí,
Despensa,8434165488663,SURTIDO EL AUTENTICO,150.00,84.3800,0.00,0.00,8434165488663,sí,
Despensa,90000,VINAGRE VALSAMICO,140.00,118.0000,1.00,1.00,,sí,
Comida y helados,84233299812189,HELADOS BON 1 PINTA VARIADOS,210.00,81.6650,0.00,0.00,84233299812189,sí,
Comida y helados,900,HOD-DOG,65.00,45.0000,0.00,0.00,,sí,
Cigarrillos y tabaco,843182100577,A. FUENTE CHATEEAU CIGARRO,825.00,450.0000,0.00,0.00,843182100577,sí,
Cigarrillos y tabaco,843182100607,ARTURO FUENTE,850.00,450.0000,4.00,4.00,843182100607,sí,
Cigarrillos y tabaco,88,CIGARROS TABACOS DOMINICANOS,125.00,73.7290,0.00,0.00,,sí,
Cigarrillos y tabaco,790690070154,CONSTANZA MENTOL GRANDE,95.00,115.2540,0.00,0.00,790690070154,sí,
Cigarrillos y tabaco,78019423,DUNHILL BLONDE BLEND,200.00,129.6600,0.00,0.00,78019423,sí,
Cigarrillos y tabaco,78019416,DUNHILL MASTER BLEND /20,120.00,115.2540,0.00,0.00,78019416,sí,
Cigarrillos y tabaco,78018662,DUNHILL PEQ.,185.00,110.7600,0.00,0.00,78018662,sí,
Cigarrillos y tabaco,853195000467,EAGLE TORCHA,250.00,145.0000,19.00,19.00,853195000467,sí,
Cigarrillos y tabaco,850043075103,ENCENDEDORAS TIPO TORCH POD,380.00,200.0000,2.00,2.00,850043075103,sí,
Cigarrillos y tabaco,853195000498,ENSENDEDORAS DE TABACO EAGLE,250.00,150.0000,0.00,0.00,853195000498,sí,
Cigarrillos y tabaco,762446440009,LONGHORN AZUL,250.00,175.0000,0.00,0.00,762446440009,sí,
Cigarrillos y tabaco,762446450008,LONGHORN NATURAL,280.00,175.0000,0.00,0.00,762446450008,sí,
Cigarrillos y tabaco,762446420001,LONGHORN ROJO,250.00,175.0000,0.00,0.00,762446420001,sí,
Cigarrillos y tabaco,762446400003,LONGHORN WINTERGREEN,250.00,175.0000,0.00,0.00,762446400003,sí,
Cigarrillos y tabaco,78020856,LUCKY STRIKE BLUE GRANDE,120.00,80.0000,0.00,0.00,78020856,sí,
Cigarrillos y tabaco,78018464,LUCKY STRIKE COVERTIBLES,65.00,45.0000,0.00,0.00,78018464,sí,
Cigarrillos y tabaco,78018068,LUCKY STRIKE FRESH CIG. /10,110.00,72.0340,0.00,0.00,78018068,sí,
Cigarrillos y tabaco,78018501,LUCKY STRIKE ORIGINAL CIG /10,60.00,43.0085,0.00,0.00,78018501,sí,
Cigarrillos y tabaco,78014626,LUCKY STRIKE RED GDE.,100.00,82.3333,0.00,0.00,78014626,sí,
Cigarrillos y tabaco,78014633,LUCKY STRIKE SILVER GDE.,120.00,83.7933,0.00,0.00,78014633,sí,
Cigarrillos y tabaco,810134310650,PLASENCIA CIGARROS,675.00,355.0000,0.00,0.00,810134310650,sí,
Cigarrillos y tabaco,844111003839,QUESADA CUBITA ROBUSTO,350.00,134.7500,13.00,13.00,844111003839,sí,
Cigarrillos y tabaco,762446820009,RED MAN,240.00,185.0000,0.00,0.00,762446820009,sí,
Cigarrillos y tabaco,89012001182,SKOAL TABACO VARIADOS,150.00,130.0000,0.00,0.00,089012001182,sí,
Cigarrillos y tabaco,762446730001,WOLF APPLE,280.00,185.0000,0.00,0.00,762446730001,sí,
Cigarrillos y tabaco,762446703005,WOLF COOL WINTERGREEN,280.00,185.0000,0.00,0.00,762446703005,sí,
Cigarrillos y tabaco,762446706006,WOLF MINT,280.00,185.0000,0.00,0.00,762446706006,sí,
Cigarrillos y tabaco,762446710003,WOLF PEACH,280.00,185.0000,0.00,0.00,762446710003,sí,
Vapes,7707200947311,VASE GO 5000. MENTHOL ICE,720.00,416.9487,0.00,0.00,7707200947311,sí,
Vapes,7751201001602,VEEV NOW BLUE RASPBERRY.8000,1050.00,600.0000,0.00,0.00,7751201001602,sí,
Vapes,7702303182898,VUSE GO 3000 APPLE SOUR,600.00,345.0000,-1.00,0.00,7702303182898,sí,
Vapes,7702303936590,VUSE GO 3000 BLUE RASPBERRY,600.00,345.0000,17.00,17.00,7702303936590,sí,
Vapes,7702303023221,VUSE GO 3000 MENTHOL,600.00,345.0000,0.00,0.00,7702303023221,sí,
Vapes,7707200941951,VUSE GO 8000 BLUEBERRY,900.00,555.9320,2.00,2.00,7707200941951,sí,
Vapes,7707200941661,VUSE GO 8000 GREEN APPLE,900.00,555.9320,2.00,2.00,7707200941661,sí,
Vapes,7707200942835,VUSE GO 8000 MENTHOL ICE,900.00,555.9320,0.00,0.00,7707200942835,sí,
Vapes,7707200940282,VUSE GO 8000 WATERMELON ICE,900.00,555.9320,0.00,0.00,7707200940282,sí,
Vapes,7702303809511,VUSE GO BERRY WAT FRUTOS R,520.00,312.7100,0.00,0.00,7702303809511,sí,
Vapes,7702303404068,VUSE GO MANGO,520.00,312.7100,0.00,0.00,7702303404068,sí,
Vapes,7702303721387,VUSE GO MENTA ICE,520.00,312.7100,0.00,0.00,7702303721387,sí,
Vapes,7702303401944,VUSE GO SANDIA,520.00,312.7100,0.00,0.00,7702303401944,sí,
Vapes,7702303142427,VUSE GO STRAWBERRY ICE ... FRESA,520.00,312.7100,0.00,0.00,7702303142427,sí,
Vapes,7702303246743,VUSE GOBERRY BLEN FRUTOS R,520.00,312.7100,0.00,0.00,7702303246743,sí,
Vapes,7702303027878,VUSEGO MAX GRAPE ICE 1500,865.00,521.0000,0.00,0.00,7702303027878,sí,
Vapes,7702303915199,VUSEGO MAX MENTHOL ICE,865.00,521.0000,0.00,0.00,7702303915199,sí,
Vapes,7702303617000,VUSEGO MAX WATERMELON 1500,865.00,521.0000,0.00,0.00,7702303617000,sí,
Vapes,7702303923477,VUSESE GO ARANDANOS,520.00,312.7100,0.00,0.00,7702303923477,sí,
"Farmacia, higiene y hogar",8904169416899,AMPICILLIN,30.00,0.0000,0.00,0.00,8904169416899,NO,antibiótico
"Farmacia, higiene y hogar",857424000341,ASSEPTGEL HAND SANITIZER 2 ONZ,60.00,40.0000,0.00,0.00,857424000341,sí,
"Farmacia, higiene y hogar",8906101702589,BOSSMAN PRESERVATIVOS ECO,70.00,25.0000,11.00,11.00,8906101702589,sí,
"Farmacia, higiene y hogar",84233299812166,DRAMANOL 50MG,20.00,9.6000,0.00,0.00,84233299812166,sí,
"Farmacia, higiene y hogar",808829032079,LUCKY LIQUID SOAP ALMOND,85.00,56.5000,0.00,0.00,808829032079,sí,
"Farmacia, higiene y hogar",808829032130,LUCKY LIQUID SOAP MELON,85.00,56.5000,0.00,0.00,808829032130,sí,
"Farmacia, higiene y hogar",7702027041020,NOSOTRAS INVISIBLES UNIDAD,15.00,6.3600,7.00,7.00,7702027041020,sí,
"Farmacia, higiene y hogar",7702027494901,NOSOTRAS PLUS TELA 60 TOALLAS,20.00,7.0000,106.00,106.00,7702027494901,sí,
"Farmacia, higiene y hogar",7702027044168,NOSOTRAS PROTECTOR DIARIO 120,15.00,6.3600,0.00,0.00,7702027044168,sí,
"Farmacia, higiene y hogar",7702027402777,NOSOTRAS TOALLAS NATURAL,15.00,32.3000,-13.00,0.00,7702027402777,sí,
"Farmacia, higiene y hogar",84233299812177,NUBELUZ-SERVILLETAS PQ,20.00,7.0000,0.00,0.00,84233299812177,sí,
"Farmacia, higiene y hogar",8010052120009,PALILLOS SUPER,10.00,5.0000,0.00,0.00,8010052120009,sí,
"Farmacia, higiene y hogar",7702026016616,PAPEL DE BAÑOFAMILIA 2EN 1,25.00,38.1358,0.00,0.00,7702026016616,sí,
"Farmacia, higiene y hogar",84115560,PECTOL EUCALIPTUS,25.00,16.2971,0.00,0.00,84115560,sí,
"Farmacia, higiene y hogar",7702035372154,SINUTA CONGESTION Y GRIPE CALIENTE,40.00,25.0000,0.00,0.00,7702035372154,sí,
"Farmacia, higiene y hogar",7702134372208,SINUTAB PASTILLA,10.00,5.0000,0.00,0.00,7702134372208,sí,
"Farmacia, higiene y hogar",7702031787570,STAYFREE ESPECIAL 2X3,120.00,85.0000,0.00,0.00,7702031787570,sí,
"Farmacia, higiene y hogar",8901790682938,SUNLIN ANTIGRIPAL CAPLETA,10.00,5.0000,0.00,0.00,8901790682938,sí,
"Farmacia, higiene y hogar",7702418004825,VITAMINA C CEBION 500.MG,250.00,145.0000,2.00,2.00,7702418004825,sí,
Automotriz,826942010088,ALFOMBRA METRO CREMA,450.00,290.8900,0.00,0.00,826942010088,sí,
Automotriz,826942010026,ALFOMBRA METRO GRIS,450.00,290.8900,0.00,0.00,826942010026,sí,
Automotriz,826942010033,ALFOMBRA METRO GRIS RATON,450.00,279.7000,0.00,0.00,826942010033,sí,
Automotriz,826942010071,ALFOMBRA METRO MARRON,450.00,279.7000,0.00,0.00,826942010071,sí,
Automotriz,826942010019,ALFOMBRA METRO NEGRA,450.00,290.8900,0.00,0.00,826942010019,sí,
Automotriz,826942654909,ALFOMBRA MOTOR TREND GRIS,1150.00,772.5000,0.00,0.00,826942654909,sí,
Automotriz,826942654893,ALFOMBRA MOTOR TREND NEGRA,1150.00,772.5000,0.00,0.00,826942654893,sí,
Automotriz,826942654916,ALFOMBRE DE GOMA BEIGE 4PIECES,1150.00,733.8700,0.00,0.00,826942654916,sí,
Automotriz,84121130068,AMBIENTADOR MONEY CANELA,100.00,64.0000,0.00,0.00,084121130068,sí,
Automotriz,84121130013,AMBIENTADOR MONEY HOUSE,100.00,64.0000,0.00,0.00,084121130013,sí,
Automotriz,84121130044,AMBIENTADOR MONEY PATPOURRI,100.00,64.0000,0.00,0.00,084121130044,sí,
Automotriz,84233299812161,CORREA ROULUNDS 03PK0540R,120.00,76.0000,0.00,0.00,84233299812161,sí,
Automotriz,84233299812162,CORREA ROULUNDS 3K 0550,120.00,77.0000,0.00,0.00,84233299812162,sí,
Automotriz,84233299812159,CORREA ROULUNDS 3K 1050,160.00,125.0000,0.00,0.00,84233299812159,sí,
Automotriz,84233299812157,CORREA ROULUNDS 3K 1150,190.00,134.0000,0.00,0.00,84233299812157,sí,
Automotriz,84233299812160,CORREA ROULUNDS 6K 2415,650.00,475.0000,0.00,0.00,84233299812160,sí,
Automotriz,84233299812156,CORREA ROULUNDS A4PKK1295R,250.00,190.0000,0.00,0.00,84233299812156,sí,
Automotriz,89269000457,CYCLO ACONDICIONADOR DE,145.00,105.0000,0.00,0.00,089269000457,sí,
Automotriz,89269000198,CYCLO MOTOR FLUSH 15 ONZ,120.00,83.0000,0.00,0.00,089269000198,sí,
Automotriz,8000,EMBUDO USO INTERNO,68.00,120.0000,0.00,0.00,,NO,embudo de uso interno
Automotriz,8877,FORRO DE GUIA SURTIDO,230.00,146.6757,0.00,0.00,,sí,
Automotriz,80,GRAPA DE TRIA VEHICULO,50.00,30.0000,0.00,0.00,,sí,
Automotriz,842071002657,HALVOLINE 10W40 1/4,200.00,143.3617,0.00,0.00,842071002657,sí,
Automotriz,842071002381,HAVOLINE 10W30 1/4,260.00,167.4093,0.00,0.00,842071002381,sí,
Automotriz,842071002411,HAVOLINE 20-W-50,275.00,167.4093,0.00,0.00,842071002411,sí,
Automotriz,842071002428,HAVOLINE 20W-50 GALON,850.00,553.4000,0.00,0.00,842071002428,sí,
Automotriz,842071002442,HAVOLINE ATF TRANSMISION,260.00,155.0835,0.00,0.00,842071002442,sí,
Automotriz,7705808449169,HAVOLINE OUT BOART 2T PQ,160.00,92.5275,0.00,0.00,7705808449169,sí,
Automotriz,842071002725,HAVOLINE OUT BOART GD 2T,260.00,161.0333,0.00,0.00,842071002725,sí,
Automotriz,842071003302,HAVOLINE SAE 50 1/4,250.00,154.5000,0.00,0.00,842071003302,sí,
Automotriz,810822013313,JUICE AIR CHERRY AMBIENTADOR,140.00,87.5000,0.00,0.00,810822013313,sí,
Automotriz,810822013252,JUICE AIR POMEGRANATE,140.00,87.5000,0.00,0.00,810822013252,sí,
Automotriz,810822013306,JUICE COCONUT VENT STICK,140.00,87.5000,0.00,0.00,810822013306,sí,
Automotriz,810822014860,JUICE FRESH LIMEN SLIN SPRAY,125.00,71.1000,0.00,0.00,810822014860,sí,
Automotriz,810822013276,JUICE FRESH LINEN VENT STICK,140.00,87.5000,0.00,0.00,810822013276,sí,
Automotriz,810822013283,JUICE LAVENDER VANILLA VENT STICK,140.00,87.5000,0.00,0.00,810822013283,sí,
Automotriz,810822014853,JUICE MIDNIGHT SLIN SPRAY,125.00,71.1000,0.00,0.00,810822014853,sí,
Automotriz,810822013290,JUICE MIDNIGHT VENT STICK,140.00,87.5000,0.00,0.00,810822013290,sí,
Automotriz,810822013269,JUICE NEW CAR NENT STICK,140.00,87.5000,0.00,0.00,810822013269,sí,
Automotriz,810822014846,JUICE STRAWBERRY SLIM SPRAY,125.00,87.5000,0.00,0.00,810822014846,sí,
Automotriz,810822013245,JUICE STRAWBERRY VENT STICK,140.00,87.5000,0.00,0.00,810822013245,sí,
Automotriz,769848100746,KWIK LIMPIADOR USO EN ESPUMA,210.00,134.0000,0.00,0.00,769848100746,sí,
Automotriz,79238046180,LEXOR ESCOBILLA 18,330.00,219.0000,0.00,0.00,079238046180,sí,
Automotriz,84233299812175,LION SILICON CLEAR,150.00,85.0000,0.00,0.00,84233299812175,sí,
Automotriz,84233299812165,LION SILICON GRIS,160.00,91.0000,0.00,0.00,84233299812165,sí,
Automotriz,84233299812194,LLAVE RUEDA EN CRUZ REFORZADA,350.00,215.0000,0.00,0.00,84233299812194,sí,
Automotriz,79191514009,OIL FILTER GRANDES,160.00,86.0000,0.00,0.00,079191514009,sí,
Automotriz,76333113939,OIL FILTRO PURALATOR L12222,370.00,277.0000,0.00,0.00,076333113939,sí,
Automotriz,859196130080,PRECISA COOLANT ROJO 1GL,190.00,92.0062,0.00,0.00,859196130080,sí,
Automotriz,797496878892,PRESTONE BUG WASH GALON,395.00,250.5867,0.00,0.00,797496878892,sí,
Automotriz,797496863362,PRESTONE CARB & CHOKE CLEANER,190.00,80.0000,0.00,0.00,797496863362,sí,
Automotriz,797496871541,PRESTONE COOLANT GALON,800.00,519.5500,0.00,0.00,797496871541,sí,
Automotriz,797496861573,PRESTONE DESENGRASADOR DE,160.00,105.0000,0.00,0.00,797496861573,sí,
Automotriz,797496865632,PRESTONE DEX - COOL,850.00,506.0000,0.00,0.00,797496865632,sí,
Automotriz,797496860606,PRESTONE INTERIIOR CLEANER 18 OZ,280.00,177.0200,0.00,0.00,797496860606,sí,
Automotriz,797496871343,PRESTONE LIMPIADOR DE CARBURADOR,190.00,121.8888,0.00,0.00,797496871343,sí,
Automotriz,797496861559,PRESTONE LIMPIADOR DE INTERIORES,210.00,140.0000,0.00,0.00,797496861559,sí,
Automotriz,797496658128,PRESTONE OIL ADITIVO,120.00,110.0000,0.00,0.00,797496658128,sí,
Automotriz,797496875723,PRESTONE POWER STEERING AMARILLO,125.00,69.1740,0.00,0.00,797496875723,sí,
Automotriz,797496865489,PRESTONE WHEEL LIMPIADOR DE ARO,170.00,115.0000,0.00,0.00,797496865489,sí,
Automotriz,853313006012,REPARADOR Y ACONDICIONADOR DE,250.00,199.9100,0.00,0.00,853313006012,sí,
Automotriz,8081,SILICON GUNK,325.00,0.0000,0.00,0.00,,sí,
Automotriz,7805040751126,SILICONA MAXIMA PROTECCION 400CC,220.00,159.0000,0.00,0.00,7805040751126,sí,
Automotriz,797496862341,TRANS TAPA-FUGAS,100.00,1464.7490,0.00,0.00,797496862341,sí,
Automotriz,842071002527,URSA 40 1/4,260.00,175.0000,0.00,0.00,842071002527,sí,
Automotriz,842071002565,URSA 50 1/4,260.00,175.0000,0.00,0.00,842071002565,sí,
Automotriz,842071002534,URSA GALON,850.00,499.1417,0.00,0.00,842071002534,sí,
Automotriz,842071002664,URSA HD 15W40 GALON,795.00,499.1417,0.00,0.00,842071002664,sí,
Automotriz,769848100722,WEST ESPUMA LOCA 19 ONZ,430.00,285.0000,0.00,0.00,769848100722,sí,
Automotriz,769848100708,WEST-PINESPUMA 20 ONZ,430.00,285.0000,0.00,0.00,769848100708,sí,
Automotriz,769848100715,WEST-PINESPUMA 4 ONZ,190.00,159.0000,0.00,0.00,769848100715,sí,
Automotriz,79238011133,WIPER BLADE #13,100.00,75.0000,0.00,0.00,079238011133,sí,
Automotriz,79238011164,WIPER BLADE #16,100.00,66.0000,0.00,0.00,079238011164,sí,
Automotriz,79238011188,WIPER BLADE #18,100.00,67.0000,0.00,0.00,079238011188,sí,
Automotriz,79238011508,WIPER BLADE #19,120.00,78.0000,0.00,0.00,079238011508,sí,
Automotriz,79238011225,WIPER BLADE #22,110.00,78.0000,0.00,0.00,079238011225,sí,
Automotriz,79238011478,WIPER BLADE 17,120.00,75.0000,0.00,0.00,079238011478,sí,
Automotriz,79238011492,WIPER BLADE 20,150.00,100.0000,0.00,0.00,079238011492,sí,
Automotriz,79238011157,WIPER BLANDE #15,100.00,66.0000,0.00,0.00,079238011157,sí,
Misceláneos,84233299812153,BOLSA DE REGALO VARIADAS,35.00,19.0000,0.00,0.00,84233299812153,sí,
Misceláneos,8409730014714,BOLSA PARA BOT. BRILLANTE S-4256,50.00,15.0000,0.00,0.00,8409730014714,sí,
Misceláneos,801,BOTELLAS VACIAS,2.00,0.0000,0.00,0.00,,NO,botellas vacías
Misceláneos,77,CINTA PEGANTE PQ,30.00,12.0000,0.00,0.00,,sí,
Misceláneos,84233299812171,CINTA PERGANTE GD,40.00,19.0000,0.00,0.00,84233299812171,sí,
Misceláneos,801248667334,CORDON LLAVERO BANDERA,175.00,75.0000,10.00,10.00,801248667334,sí,
Misceláneos,783094020115,FOCOS RAYOVAC,125.00,75.0000,0.00,0.00,783094020115,sí,
Misceláneos,800,HUACALES CERVECERIA,135.00,100.0000,0.00,0.00,,sí,
Misceláneos,850051002009,POLAOID CAMARA DESECHABLE,330.00,220.0000,0.00,0.00,850051002009,sí,
Misceláneos,7878,"REFRIGERIO,JUGOS",1375.00,8442.9900,0.00,0.00,,NO,"refrigerio: costo 8,442.99 y precio 1,375"
Misceláneos,8888,RENTA DE LOCAL,30000.00,0.0000,0.00,0.00,,NO,"renta del local, no es mercancía"
Misceláneos,8606004528650,SHOPPING REF. CFMM29,60.00,14.4100,0.00,0.00,8606004528650,sí,
Misceláneos,802141257264,SHOPPING REF.RR-8013-S-S,45.00,15.0000,0.00,0.00,802141257264,sí,
Misceláneos,818043000013,SINGLE USE CAMERA 24EXP.,290.00,1.0000,0.00,0.00,818043000013,sí,
Misceláneos,84233299812193,STRIPE LINES CINTA DECORATIVA,70.00,45.0000,0.00,0.00,84233299812193,sí,
Misceláneos,840034240313,THERMO 40 ONZ,400.00,240.0000,0.00,0.00,840034240313,sí,
Misceláneos,8714786213760,TIVETY ABANICO,300.00,208.9166,0.00,0.00,8714786213760,sí,
