codigo,nombre_pdf,nombre_caja,categoria,area,precio_pdf,precio_caja,nota_precio,costo,existencia_pdf
000105,AGUA CARBONATADA,AGUA CARBONATADA,BEBIDAS,bar,50.00,50.00,,35.00,0
000037,ALITAS DE POLLO,ALITAS DE POLLO,PICADERAS,cocina,395.00,395.00,,200.00,0
000098,APEROL SPRITZ CLASICO,APEROL SPRITZ CLASICO,COCTELES,bar,254.24,300.00,neto del PDF subido al final,120.00,3
000008,AROS DE CEBOLLA,AROS DE CEBOLLA,PICADERAS,cocina,195.00,195.00,,15.00,157
000063,BACON CHESSE BURGER,BACON CHEESE BURGER,HAMBURGUESAS,cocina,400.00,400.00,,150.00,0
000020,BANDEJA DE 4 PERSONAS MIXTAS,BANDEJA DE 4 PERSONAS MIXTAS,BANDEJAS,cocina,1500.00,1500.00,,700.00,0
000109,BANDEJA PARA 2 PERSONAS,BANDEJA PARA 2 PERSONAS,BANDEJAS,cocina,720.34,850.00,neto del PDF subido al final,300.00,0
000021,BANDEJA PARA 6 PERSONAS MIXTAS,BANDEJA PARA 6 PERSONAS MIXTAS,BANDEJAS,cocina,2000.00,2000.00,,950.00,0
000022,BANDEJA PARA 8 PERSONAS MIXTAS,BANDEJA PARA 8 PERSONAS MIXTAS,BANDEJAS,cocina,2800.00,2800.00,,2650.00,1
000107,BLODY MARRY,BLOODY MARY,COCTELES,bar,271.19,320.00,neto del PDF subido al final,150.00,8
000095,BLUE LAGON TROPICAL,BLUE LAGOON TROPICAL,COCTELES,bar,290.00,290.00,,125.00,0
0000100,BOTELLA DE AGUA,BOTELLA DE AGUA,BEBIDAS,bar,25.00,25.00,,7.00,0
000009,BROCHETAS MIXTAS,BROCHETAS MIXTAS,PICADERAS,cocina,330.00,330.00,,15.00,7
000059,BURGER CLASICA ANGUS,BURGER CLASICA ANGUS,HAMBURGUESAS,cocina,375.00,375.00,,150.00,0
000060,BURGER CLASICA POLLO,BURGER CLASICA POLLO,HAMBURGUESAS,cocina,300.00,300.00,,120.00,0
000069,BURRITO DE PIERNA,BURRITO DE PIERNA,MEXICANO,cocina,330.00,330.00,,150.00,4
000067,BURRITO DE POLLO,BURRITO DE POLLO,MEXICANO,cocina,300.00,300.00,,150.00,0
000068,BURRITO DE RES,BURRITO DE RES,MEXICANO,cocina,300.00,300.00,,120.00,0
000070,BURRITO MIXTO,BURRITO MIXTO,MEXICANO,cocina,350.00,350.00,,175.00,0
000024,CAMARONES A LA CREMA,CAMARONES A LA CREMA,MARISCOS Y PESCADOS,cocina,675.00,675.00,,400.00,0
000025,CAMARONES A LA CRIOLLA,CAMARONES A LA CRIOLLA,MARISCOS Y PESCADOS,cocina,675.00,675.00,,400.00,0
000026,CAMARONES A LA DIABLA,CAMARONES A LA DIABLA,MARISCOS Y PESCADOS,cocina,595.00,595.00,,350.00,0
000023,CAMARONES AL AJILLO,CAMARONES AL AJILLO,MARISCOS Y PESCADOS,cocina,675.00,675.00,,400.00,0
000065,CARNE SALADA,CARNE SALADA,COMIDA CRIOLLA,cocina,375.00,375.00,,100.00,0
000082,CASA AMIGOS SANDIA SMASH,CASAMIGOS SANDIA SMASH,COCTELES,bar,485.00,485.00,,220.00,11
000084,CASAAMIGOS PINEAPPLE FIZZ,CASAMIGOS PINEAPPLE FIZZ,COCTELES,bar,495.00,495.00,,150.00,11
000132,CERDO ASADO + CASABE,CERDO ASADO + CASABE,CARNES,cocina,533.33,533.33,CERDO ASADO + CASABE 533.33 (costo 366.67): ×1.18 = 629.33; parece 800 × 2/3,366.67,0
000032,CHIVO GUISADO,CHIVO GUISADO,COMIDA CRIOLLA,cocina,620.00,620.00,,350.00,0
000045,CHURRASCO ANGUS,CHURRASCO ANGUS,CARNES,cocina,1101.69,1300.00,neto del PDF subido al final,500.00,0
000052,CLUB SANDWICH,CLUB SANDWICH,SANDWICHES Y TOSTADAS,cocina,330.51,390.00,neto del PDF subido al final,150.00,0
000104,COPA DE VINO PRIMALROOTS,COPA DE VINO PRIMALROOTS,LICORES Y VINOS,bar,279.66,330.00,neto del PDF subido al final,138.83,10
000005,CORONA,CORONA,CERVEZAS,bar,190.68,225.00,neto del PDF subido al final,120.00,0
000093,COSMOPOLITAN,COSMOPOLITAN,COCTELES,bar,320.00,320.00,,150.00,18
000042,COSTILLA BBQ,COSTILLA BBQ,CARNES,cocina,600.00,600.00,,210.00,0
000007,CROQUETAS DE POLLO,CROQUETAS DE POLLO,PICADERAS,cocina,220.00,220.00,,15.00,0
000058,CUBANO,CUBANO,SANDWICHES Y TOSTADAS,cocina,320.00,320.00,,120.00,0
000061,DOMINICANA BURGER,DOMINICANA BURGER,HAMBURGUESAS,cocina,485.00,485.00,,120.00,0
000047,DULCE DE PIÑA CON LECHE,DULCE DE PIÑA CON LECHE,POSTRES,cocina,127.81,150.00,DULCE DE PIÑA CON LECHE 127.81: ×1.18 = 150.82 (150/1.18 sería 127.12),100.00,8
000091,EL DIABLO,EL DIABLO,COCTELES,bar,395.00,395.00,,130.00,18
000012,ENSALADA CESAR,ENSALADA CESAR,SOPAS Y ENSALADAS,cocina,325.00,325.00,,15.00,0
000062,EXTRANJERA BURGER,EXTRANJERA BURGER,HAMBURGUESAS,cocina,650.00,650.00,,250.00,0
000044,FILETE DE CERDO,FILETE DE CERDO,CARNES,cocina,600.00,600.00,,250.00,0
000043,FILETE DE RES,FILETE DE RES,CARNES,cocina,635.59,750.00,neto del PDF subido al final,350.00,0
000051,HOTDOG,HOTDOG,SANDWICHES Y TOSTADAS,cocina,150.00,150.00,,75.00,0
000106,JACK DANIEL HONEY,JACK DANIEL HONEY,LICORES Y VINOS,bar,310.00,310.00,,187.50,0
000114,JACK DANIEL OLD NO.7,JACK DANIEL OLD NO.7,LICORES Y VINOS,bar,315.00,315.00,,187.50,14
000099,JUGOS NATURALES,JUGOS NATURALES,BEBIDAS,bar,110.00,110.00,,45.00,0
000066,LONGANIZA,LONGANIZA,COMIDA CRIOLLA,cocina,350.00,350.00,,100.00,5
000085,MARGARITA DE CHINOLA,MARGARITA DE CHINOLA,COCTELES,bar,350.00,350.00,,150.00,0
000086,MARGARITA TRADICIONAL,MARGARITA TRADICIONAL,COCTELES,bar,300.00,300.00,,150.00,0
000064,MARICELAS BURGER,MARICELAS BURGER,HAMBURGUESAS,cocina,466.10,550.00,neto del PDF subido al final,150.00,0
000090,MARICELAS MARGARITA,MARICELAS MARGARITA,COCTELES,bar,370.00,370.00,,120.00,15
000029,MERO A LA CRIOLLA,MERO A LA CRIOLLA,MARISCOS Y PESCADOS,cocina,450.00,450.00,,10.00,3
000027,MERO A LA PLANCHA,MERO A LA PLANCHA,MARISCOS Y PESCADOS,cocina,450.00,450.00,,300.00,0
000028,MERO FRITO,MERO FRITO,MARISCOS Y PESCADOS,cocina,450.00,450.00,,350.00,0
000089,MEXICAN MULE,MEXICAN MULE,COCTELES,bar,350.00,350.00,,120.00,17
000035,MOFONGO DE CAMARONES,MOFONGO DE CAMARONES,MOFONGOS,cocina,595.00,595.00,,200.00,0
000034,MOFONGO DE CHICHARRON REBOZADO,MOFONGO DE CHICHARRON REBOZADO,MOFONGOS,cocina,495.00,495.00,,200.00,0
000033,MOFONGO DE POLLO,MOFONGO DE POLLO,MOFONGOS,cocina,450.00,450.00,,350.00,0
000036,MOFONGO MIXTO,MOFONGO MIXTO,MOFONGOS,cocina,550.00,550.00,,250.00,0
000080,MOJITO DE CHINOLA,MOJITO DE CHINOLA,COCTELES,bar,260.00,260.00,,75.00,0
000078,MOJITO DE COCO,MOJITO DE COCO,COCTELES,bar,275.00,275.00,,75.00,0
000077,MOJITO DE FRESA,MOJITO DE FRESA,COCTELES,bar,275.00,275.00,,100.00,0
000079,MOJITO DE LIMON,MOJITO DE LIMON,COCTELES,bar,271.19,320.00,neto del PDF subido al final,100.00,0
000014,MONDONGO,MONDONGO,COMIDA CRIOLLA,cocina,296.61,350.00,neto del PDF subido al final,50.00,0
000006,MOZZARELLA STICKS,MOZZARELLA STICKS,PICADERAS,cocina,350.00,350.00,,15.00,18
000097,MUSCOW MULE,MOSCOW MULE,COCTELES,bar,320.00,320.00,,120.00,4
000011,NACHOS,NACHOS,PICADERAS,cocina,325.00,325.00,,15.00,0
000113,OLD PARR,OLD PARR,LICORES Y VINOS,bar,320.00,320.00,,179.46,10
000083,PALOMA CASAAMIGOS,PALOMA CASAMIGOS,COCTELES,bar,455.00,455.00,,10.00,0
0000010,PAPAS SAZONADAS,PAPAS SAZONADAS,PICADERAS,cocina,250.00,250.00,,15.00,0
000016,PASTA ALFREDO,PASTA ALFREDO,PASTAS,cocina,500.00,500.00,,150.00,0
000017,PASTA CARBONARA,PASTA CARBONARA,PASTAS,cocina,495.00,495.00,,100.00,0
000019,PASTA CON CAMARONES,PASTA CON CAMARONES,PASTAS,cocina,550.00,550.00,,150.00,0
000018,PASTA CUATRO QUESO,PASTA CUATRO QUESOS,PASTAS,cocina,495.00,495.00,,150.00,0
000076,PATACON,PATACON,PICADERAS,cocina,370.00,370.00,,185.00,0
000040,PECHUGA A LA TROPICAL,PECHUGA A LA TROPICAL,POLLO,cocina,508.47,600.00,neto del PDF subido al final,200.00,0
000039,PECHUGA A LA CREMA,PECHUGA A LA CREMA,POLLO,cocina,475.00,475.00,,200.00,0
000038,PECHUGA A LA PLANCHA,PECHUGA A LA PLANCHA,POLLO,cocina,420.00,420.00,,250.00,0
000041,PECHUGA CORDON BLEU,PECHUGA CORDON BLEU,POLLO,cocina,550.85,650.00,neto del PDF subido al final,250.00,0
000030,PESCADO FRITO,PESCADO FRITO,MARISCOS Y PESCADOS,cocina,500.00,500.00,,300.00,0
000081,PIÑA COLADA,PIÑA COLADA,COCTELES,bar,255.00,255.00,,120.00,0
000002,PRESIDENTE LIGHT,PRESIDENTE LIGHT,CERVEZAS,bar,152.54,180.00,neto del PDF subido al final,89.58,0
1,PRESIDENTE NORMAL,PRESIDENTE NORMAL,CERVEZAS,bar,152.54,180.00,neto del PDF subido al final,89.58,0
000073,QUESADILLA DE PIERNA,QUESADILLA DE PIERNA,MEXICANO,cocina,288.14,340.00,neto del PDF subido al final,125.00,0
000071,QUESADILLA DE POLLO,QUESADILLA DE POLLO,MEXICANO,cocina,288.14,340.00,neto del PDF subido al final,130.00,0
000072,QUESADILLA DE RES,QUESADILLA DE RES,MEXICANO,cocina,288.14,340.00,neto del PDF subido al final,120.00,0
000074,QUESADILLA MIXTA,QUESADILLA MIXTA,MEXICANO,cocina,300.00,300.00,,150.00,0
000046,QUESILLO,QUESILLO,POSTRES,cocina,169.92,200.00,QUESILLO 169.92: ×1.18 = 200.51 (200/1.18 sería 169.49),45.00,2
000031,RABO ENCENDIDO,RABO ENCENDIDO,COMIDA CRIOLLA,cocina,600.00,600.00,,300.00,0
000096,RASPBERRY RUM FIZZ,RASPBERRY RUM FIZZ,COCTELES,bar,320.00,320.00,,125.00,190
000101,REFRESCO,REFRESCO,BEBIDAS,bar,60.00,60.00,,25.00,0
000094,RUN PUNCH,RUM PUNCH,COCTELES,bar,280.00,280.00,,150.00,10
000050,SALCHIPAPA,SALCHIPAPA,PICADERAS,cocina,275.00,275.00,,100.00,0
000057,SANDWICH DE PIERNA,SANDWICH DE PIERNA,SANDWICHES Y TOSTADAS,cocina,225.00,225.00,,80.00,0
000055,SANDWICH DE POLLO,SANDWICH DE POLLO,SANDWICHES Y TOSTADAS,cocina,169.49,200.00,neto del PDF subido al final,65.00,0
000056,SANDWICH JAMON Y QUESO,SANDWICH JAMON Y QUESO,SANDWICHES Y TOSTADAS,cocina,120.00,120.00,,75.00,0
000003,SANTO LIBRE,SANTO LIBRE,COCTELES,bar,270.00,270.00,,80.00,0
000004,SMIRNOFF,SMIRNOFF,LICORES Y VINOS,bar,194.92,230.00,neto del PDF subido al final,138.00,0
000015,SOPA DE CAMARONES,SOPA DE CAMARONES,SOPAS Y ENSALADAS,cocina,508.47,600.00,neto del PDF subido al final,15.00,3
000013,SOPA DE POLLO,SOPA DE POLLO,SOPAS Y ENSALADAS,cocina,220.00,220.00,,20.00,0
000088,TEQUILA SOUR,TEQUILA SOUR,COCTELES,bar,350.00,350.00,,150.00,13
000087,TEQUILA SUNRISE,TEQUILA SUNRISE,COCTELES,bar,300.00,300.00,,125.00,1
000138,TITO'S VODKA,TITO'S VODKA,LICORES Y VINOS,bar,2055.00,2055.00,,1300.00,3
000053,TOSTADAS DE JAMON Y QUESO,TOSTADAS DE JAMON Y QUESO,SANDWICHES Y TOSTADAS,cocina,60.00,60.00,,45.00,0
000054,TOSTADAS DE POLLO,TOSTADAS DE POLLO,SANDWICHES Y TOSTADAS,cocina,80.00,80.00,,55.00,0
000075,TRIO DE TACOS,TRIO DE TACOS,MEXICANO,cocina,350.00,350.00,,125.00,0
000135,VINO FRONTERA,VINO FRONTERA,LICORES Y VINOS,bar,974.58,1150.00,neto del PDF subido al final,500.00,0
000048,YAROA DE PAPA,YAROA DE PAPA,COMIDA CRIOLLA,cocina,350.00,350.00,,150.00,0
000049,YAROA DE PLATANO MADURO,YAROA DE PLATANO MADURO,COMIDA CRIOLLA,cocina,350.00,350.00,,150.00,0
000092,ZOMBIE,ZOMBIE,COCTELES,bar,350.00,350.00,,200.00,19
