categoria,codigo,nombre,codigo_proisa,emparejado_por,precio_proisa,precio_caja,regla,costo,nota
Cervezas,4014086096518,"5,0 ORIGINAL CRAFT BEER",4014086096518,código,169.50,200.00,"sin ITBIS × 1.18, al peso",110.00,
Cervezas,4014086096334,"5,0 ORIGINAL LAGER BEER",4014086096334,código,169.50,200.00,"sin ITBIS × 1.18, al peso",97.24,
Cervezas,4014086096365,"5,0 ORIGINAL PILS BEER",4014086096365,código,169.50,200.00,"sin ITBIS × 1.18, al peso",110.00,
Cervezas,4014086096303,"5,0 ORIGINAL WEISS BEER",4014086096303,código,55.09,65.00,"sin ITBIS × 1.18, al peso",45.83,
Cervezas,1215,ALHAMBRA RESERVA 1925 BOTELLA,1215,código,211.86,250.00,"sin ITBIS × 1.18, al peso",141.55,
Cervezas,8412598005862,CERVEZA 1906 BLACK COUPAGE,8412598005862,código,139.83,165.00,"sin ITBIS × 1.18, al peso",110.00,
Cervezas,8412598004964,CERVEZA 1906 LA MIL NUEVE,8412598004964,código,169.50,200.00,"sin ITBIS × 1.18, al peso",115.00,
Cervezas,8412598006074,CERVEZA 1906 LA PELIRROJA,8412598006074,código,148.47,175.00,"sin ITBIS × 1.18, al peso",129.80,
Cervezas,8412598005879,CERVEZA 1906 RED VINTAGE,8412598005879,código,148.47,175.00,"sin ITBIS × 1.18, al peso",129.80,
Cervezas,08787337,CERVEZA BLUE MOON BELGIAN WHITE,08787337,código,211.86,250.00,"sin ITBIS × 1.18, al peso",145.83,
Cervezas,110000100619,CERVEZA ERDINGER,110000100619,código,296.63,350.00,"sin ITBIS × 1.18, al peso",233.33,
Cervezas,4002103248248,CERVEZA ERDINGER WEISSBIER,4002103248248,código,296.63,350.00,"sin ITBIS × 1.18, al peso",196.50,
Cervezas,08374189,CERVEZA GROLSCH,08374189,código,296.63,350.00,"sin ITBIS × 1.18, al peso",225.00,
Cervezas,87120103,CERVEZA HEINEKEN LATA,,,,,no está en la lista,55.63,
Cervezas,8712000900045,CERVEZA HEINEKEN LATA GRANDE,,,,,no está en la lista,107.00,
Cervezas,072890006189,CERVEZA HEINEKEN LATA SIN ALCOHOL,,,,,no está en la lista,105.00,
Cervezas,752245123005,CERVEZA HELLES,752245123005,código,339.15,400.00,"sin ITBIS × 1.18, al peso",255.00,
Cervezas,8410793181947,CERVEZA KELER,8410793181947,código,76.43,90.00,"sin ITBIS × 1.18, al peso",63.56,
Cervezas,03456217,CERVEZA MILLER BOTELLA 12OZ,03456217,código,211.86,250.00,"sin ITBIS × 1.18, al peso",108.77,
Cervezas,4066600303336,CERVEZA PAULANER DUNKEL 500 ML,4066600303336,código,233.05,275.00,"sin ITBIS × 1.18, al peso",225.00,
Cervezas,4066600060741,CERVEZA PAULANER WEISSBIER RUBIA 500ML,4066600060741,código,233.05,275.00,"sin ITBIS × 1.18, al peso",220.00,
Cervezas,1231,CERVEZA PERONI CERO 21/330 ML,1231,código,182.20,215.00,"sin ITBIS × 1.18, al peso",146.76,
Cervezas,74601561,CERVEZA PRESIDENTE LIGHT GRANDE,74601561,código,161.18,190.00,"sin ITBIS × 1.18, al peso",112.00,
Cervezas,110000100474,CERVEZA REPUBLICA 5.0 LATA GRANDE,110000100474,código,123.04,145.00,"sin ITBIS × 1.18, al peso",81.25,
Cervezas,8423453915547,CERVEZA REPUBLICA LA TUYA (BOTELLA),8423453915547,código,101.69,120.00,"sin ITBIS × 1.18, al peso",77.16,
Cervezas,087975903550,CERVEZA SAPPORO LIGHT,087975903550,código,233.22,275.00,"sin ITBIS × 1.18, al peso",180.00,
Cervezas,087975003502,CERVEZA SAPPORO NORMAL,087975003502,código,233.22,275.00,"sin ITBIS × 1.18, al peso",180.00,
Cervezas,74601325,CERVEZA THE ONE,74601325,código,110.18,130.00,"sin ITBIS × 1.18, al peso",84.45,
Cervezas,07199044,COORS LIGHT BOTELLA,07199044,código,156.79,185.00,"sin ITBIS × 1.18, al peso",107.04,
Cervezas,08780538,COORS LIGHT LATA 10OZ,08780538,código,72.19,85.00,"sin ITBIS × 1.18, al peso",58.26,
Cervezas,08780936,COORS ORIGINAL BANQUET BOTELLA 12OZ,08780936,código,211.86,250.00,"sin ITBIS × 1.18, al peso",120.85,
Cervezas,7503044233180,CORONA CERO 355ML,7503044233180,código,211.86,250.00,"sin ITBIS × 1.18, al peso",80.02,
Cervezas,110000100542,CORONA DE LATA,110000100542,código,93.38,110.00,"sin ITBIS × 1.18, al peso",68.61,
Cervezas,7503034941200,CORONA EXTRA 330ML,7503034941200,código,211.86,250.00,"sin ITBIS × 1.18, al peso",115.83,
Cervezas,7503034941217,CORONITA EXTRA,7503034941217,código,93.23,110.00,"sin ITBIS × 1.18, al peso",80.97,
Cervezas,8410793153135,DAMM LEMON CERVEZA & LIMON,8410793153135,código,105.96,125.00,"sin ITBIS × 1.18, al peso",84.75,
Cervezas,8410793156136,DAMM LEMON LATA,8410793156136,código,122.88,145.00,"sin ITBIS × 1.18, al peso",80.00,
Cervezas,3155930006015,DESPERADO BOTELLA,3155930006015,código,211.87,250.00,"sin ITBIS × 1.18, al peso",133.05,
Cervezas,4002103248323,ERDINGER PIKANTUS,4002103248323,código,254.24,300.00,"sin ITBIS × 1.18, al peso",197.74,
Cervezas,8410793282934,ESTRELLA DAMM,8410793282934,código,148.32,175.00,"sin ITBIS × 1.18, al peso",111.25,
Cervezas,8712000030582,HEINEKEN BOTELLA GRANDE,,,,,no está en la lista,150.00,
Cervezas,072890004994,HEINEKEN BOTELLA PEQUEÑA 330 ML,072890004994,código,211.86,250.00,"sin ITBIS × 1.18, al peso",129.55,
Cervezas,072890006196,HEINEKEN BOTELLA SIN ALCOHOL,072890006196,código,211.86,250.00,"sin ITBIS × 1.18, al peso",124.98,
Cervezas,01833225,MICHELOB ULTRA 330 ML,01833225,código,211.86,250.00,"sin ITBIS × 1.18, al peso",101.22,
Cervezas,034100005610,MILLER DE LATA,034100005610,código,152.55,180.00,"sin ITBIS × 1.18, al peso",61.50,
Cervezas,75031589,MODELO NEGRA 330 ML,75031589,código,211.86,250.00,"sin ITBIS × 1.18, al peso",128.50,
Cervezas,7463172802996,MODELO RUBIA ESPECIAL 330ML,7463172802996,código,211.86,250.00,"sin ITBIS × 1.18, al peso",145.00,
Cervezas,1219,OFERTA CERVEZA MICHELOB ULTRA 3X2,1219,código,338.98,400.00,"sin ITBIS × 1.18, al peso",101.21,
Cervezas,8008440222008,PERONI 330 ML,8008440222008,código,254.25,300.00,"sin ITBIS × 1.18, al peso",162.99,
Cervezas,7463172803764,PRESIDENTE BLACK,7463172803764,código,169.50,200.00,"sin ITBIS × 1.18, al peso",86.64,
Cervezas,7463172803665,PRESIDENTE DE LATA LIGHT,7463172803665,código,211.86,250.00,"sin ITBIS × 1.18, al peso",85.42,
Cervezas,7463172803672,PRESIDENTE DE LATA REGULAR,7463172803672,código,148.31,175.00,"sin ITBIS × 1.18, al peso",85.42,
Cervezas,74621774,PRESIDENTE LIGHT 12OZ,74621774,código,211.86,250.00,"sin ITBIS × 1.18, al peso",93.98,
Cervezas,74621767,PRESIDENTE REGULAR 12 OZ,74621767,código,211.86,250.00,"sin ITBIS × 1.18, al peso",93.98,
Cervezas,74601554,PRESIDENTE REGULAR GRANDE,74601554,código,161.18,190.00,"sin ITBIS × 1.18, al peso",112.00,
Cervezas,7501064199141,STELLA ARTOIS 330 ML,7501064199141,código,211.86,250.00,"sin ITBIS × 1.18, al peso",128.40,
Licores y vinos,8002230000302,BOTELLA APEROL,8002230000302,código,1590.00,1590.00,ya es precio final (tal cual),1110.00,
Licores y vinos,5000329002230,BOTELLA BEEFEATER LONDON,5000329002230,código,1845.00,1845.00,ya es precio final (tal cual),1400.00,
Licores y vinos,5000299618073,BOTELLA BEEFEATER PINK STRAWBERRY,5000299618073,código,1845.00,1845.00,ya es precio final (tal cual),1300.00,
Licores y vinos,7460736960086,BOTELLA LAGRANGE 700ML,7460736960086,código,1.00,,precio 1.00 (relleno),745.00,
Licores y vinos,1049,BOTELLA LICOR FERNET BRANCA,1049,código,2500.00,2950.00,"sin ITBIS × 1.18, al peso",1285.00,
Licores y vinos,4750021000157,BOTELLA STOLI,4750021000157,código,1538.13,1815.00,"sin ITBIS × 1.18, al peso",900.00,
Licores y vinos,7460855234990,BRUGAL EXTRA VIEJO 700ML,7460855234990,código,1.00,,precio 1.00 (relleno),,
Licores y vinos,5000299225028,CHIVAS 18 BOTELLA,5000299225028,código,5996.22,7076.00,"sin ITBIS × 1.18, al peso",4520.44,
Licores y vinos,7460855233498,DOBLE RESERVA BOTELLA,7460855233498,código,1407.00,1660.00,"sin ITBIS × 1.18, al peso",865.00,
Licores y vinos,744607002301,EL JIMADOR,744607002301,código,,,sin precio en la lista,1605.00,
Licores y vinos,8001968005047,ESPUMANTE CASA BURTI MILLESIMATO,8001968005047,código,800.00,800.00,ya es precio final (tal cual),475.00,
Licores y vinos,3263280120470,ESPUMANTE JP CHENET FIZZY ROSE LATA 250,3263280120470,código,326.44,385.00,"sin ITBIS × 1.18, al peso",195.00,
Licores y vinos,110000100585,EXTRA VIEJO BOTELLA,110000100585,código,908.67,1072.00,"sin ITBIS × 1.18, al peso",,
Licores y vinos,3147690060703,GIBSON'S LONDON DRY GIN,3147690060703,código,1483.05,1750.00,"sin ITBIS × 1.18, al peso",946.96,
Licores y vinos,3147699118344,GIBSON'S PINK PREMIUM GIN,3147699118344,código,1567.80,1850.00,"sin ITBIS × 1.18, al peso",983.56,
Licores y vinos,7503018819501,OJO DE TIGRE 750ML,7503018819501,código,1.00,,precio 1.00 (relleno),2350.00,
Licores y vinos,8410702039628,PROVENTO JAUME SERRA CAVA BRUT,8410702039628,código,1186.40,1400.00,"sin ITBIS × 1.18, al peso",670.00,
Licores y vinos,110000100566,RON 1888 BOTELLA,110000100566,código,2640.12,3115.00,"sin ITBIS × 1.18, al peso",,
Licores y vinos,7460736904721,RON MACORIX BLANCO 700ML,7460736904721,código,847.46,1000.00,"sin ITBIS × 1.18, al peso",510.00,
Licores y vinos,1232,SIBONEY 1920 BOTELLA 700 ML,1232,código,1525.42,1800.00,"sin ITBIS × 1.18, al peso",1076.16,
Licores y vinos,3263285152896,TEQUILA AGAVITA,3263285152896,código,1800.00,1800.00,ya es precio final (tal cual),1075.00,
Licores y vinos,1050,TEQUILA DON JULIO REPOSADO,1050,código,1.00,,precio 1.00 (relleno),4850.00,
Licores y vinos,7460855238066,TRIPLE RESERVA BOTELLA,7460855238066,código,1351.92,1595.00,"sin ITBIS × 1.18, al peso",,
Licores y vinos,5000267107776,WHISKY JOHNNIE GOLD BOTELLA,5000267107776,código,5496.19,6486.00,"sin ITBIS × 1.18, al peso",,
Licores y vinos,5000267190150,WHISKY JOHNNIE NEGRO BOTELLA,5000267190150,código,3117.19,3678.00,"sin ITBIS × 1.18, al peso",2175.00,
Licores y vinos,5011166081104,WHITLEY NEILL GIN BLOOD ORANGE,5011166081104,código,2118.64,2500.00,"sin ITBIS × 1.18, al peso",1521.85,
Licores y vinos,5011166068020,WHITLEY NEILL GIN BLUE DISTILLER'S,5011166068020,código,2118.64,2500.00,"sin ITBIS × 1.18, al peso",1521.85,
Licores y vinos,5011166081128,WHITLEY NEILL GIN RHUBARB,5011166081128,código,2118.64,2500.00,"sin ITBIS × 1.18, al peso",1521.84,
Tragos y cócteles,110000100496,BEBIDA APEROL,110000100496,código,339.00,400.00,"sin ITBIS × 1.18, al peso",,
Tragos y cócteles,110000100454,COCTEL BUZZBALL CHILI MANGO 200ML,110000100454,código,212.03,250.00,"sin ITBIS × 1.18, al peso",175.00,
Tragos y cócteles,110000100455,COCTEL BUZZBALLZ CHOC TEASE 200ML,110000100455,código,212.03,250.00,"sin ITBIS × 1.18, al peso",175.00,
Tragos y cócteles,110000100456,COCTEL BUZZBALLZ ESPRESSO MARTINI 200ML,110000100456,código,212.03,250.00,"sin ITBIS × 1.18, al peso",175.00,
Tragos y cócteles,110000100457,COCTEL BUZZBALLZ PIÑA COLADA 200ML,110000100457,código,212.03,250.00,"sin ITBIS × 1.18, al peso",175.00,
Tragos y cócteles,110000100458,COCTEL BUZZBALLZ STRAWBERRY RITA 200ML,110000100458,código,212.03,250.00,"sin ITBIS × 1.18, al peso",175.00,
Tragos y cócteles,110000100459,COCTEL BUZZBALLZ TEQUILA RITA 20ML,110000100459,código,212.03,250.00,"sin ITBIS × 1.18, al peso",175.00,
Tragos y cócteles,110000100555,DAIQUIRI,110000100555,código,186.60,220.00,"sin ITBIS × 1.18, al peso",,
Tragos y cócteles,110000100662,FROZEN BEBIDA,110000100662,código,152.55,180.00,"sin ITBIS × 1.18, al peso",,
Tragos y cócteles,110000100554,FROZEN CHINOLA,110000100554,código,190.84,225.00,"sin ITBIS × 1.18, al peso",,
Tragos y cócteles,110000100552,FROZEN FRESA,110000100552,código,250.17,295.00,"sin ITBIS × 1.18, al peso",,
Tragos y cócteles,110000100553,FROZEN LIMONADA,110000100553,código,245.93,290.00,"sin ITBIS × 1.18, al peso",,
Tragos y cócteles,110000100560,PALOMA,110000100560,código,334.92,395.00,"sin ITBIS × 1.18, al peso",,
Tragos y cócteles,110000100556,SANGRIA,110000100556,código,334.92,395.00,"sin ITBIS × 1.18, al peso",,
Tragos y cócteles,082000727477,SMIRNOFF ICE GREEN APPLE,082000727477,código,211.86,250.00,"sin ITBIS × 1.18, al peso",125.00,
Tragos y cócteles,082000723844,SMIRNOFF ICE ORIGINAL 355 ML,082000723844,código,211.86,250.00,"sin ITBIS × 1.18, al peso",125.00,
Tragos y cócteles,110000100568,TRAGO CHIVAS 18,110000100568,código,487.31,575.00,"sin ITBIS × 1.18, al peso",,
Tragos y cócteles,110000100685,TRAGO DE GIN TANQUERAY,110000100685,código,466.13,550.00,"sin ITBIS × 1.18, al peso",,
Tragos y cócteles,110000100582,TRAGO DOBLE RESERVA,110000100582,código,275.44,325.00,"sin ITBIS × 1.18, al peso",,
Tragos y cócteles,110000100584,TRAGO EXTRA VIEJO,110000100584,código,148.32,175.00,"sin ITBIS × 1.18, al peso",,
Tragos y cócteles,110000100691,TRAGO FERNET,110000100691,código,381.38,450.00,"sin ITBIS × 1.18, al peso",,
Tragos y cócteles,110000100653,TRAGO GIN TONIC BEEFEATER,110000100653,código,381.38,450.00,"sin ITBIS × 1.18, al peso",,
Tragos y cócteles,110000100693,TRAGO GIN TONIC BEEFEATER PINK,110000100693,código,381.00,450.00,"sin ITBIS × 1.18, al peso",,
Tragos y cócteles,110000100655,TRAGO MARGARITA,110000100655,código,360.19,425.00,"sin ITBIS × 1.18, al peso",,
Tragos y cócteles,110000100656,TRAGO MOJITO,110000100656,código,360.19,425.00,"sin ITBIS × 1.18, al peso",,
Tragos y cócteles,110000100654,TRAGO PALOMA,110000100654,código,381.38,450.00,"sin ITBIS × 1.18, al peso",,
Tragos y cócteles,110000100565,TRAGO RON 1888,110000100565,código,275.44,325.00,"sin ITBIS × 1.18, al peso",,
Tragos y cócteles,110000100498,TRAGO VODKA STOLI,110000100498,código,423.75,500.00,"sin ITBIS × 1.18, al peso",,
Tragos y cócteles,110000100563,TRAGO WHISKY JOHNNIE GOLD,110000100563,código,381.38,450.00,"sin ITBIS × 1.18, al peso",,
Tragos y cócteles,110000100561,TRAGO WHISKY JOHNNIE NEGRO,110000100561,código,381.38,450.00,"sin ITBIS × 1.18, al peso",,
Tragos y cócteles,785249462429,TRIPPIN ANIMAL LIMONADA ROSADA,785249462429,código,466.13,550.00,"sin ITBIS × 1.18, al peso",454.30,
Tragos y cócteles,679065252237,TRIPPING ANIMAL INFINITE BLOOM,679065252237,código,423.73,500.00,"sin ITBIS × 1.18, al peso",345.00,
Tragos y cócteles,635985500018,WHITE CLAW BLACK CHERRY LATA,635985500018,código,169.50,200.00,"sin ITBIS × 1.18, al peso",150.00,
Refrescos,7463172803320,7 UP REFRESCO,7463172803320,código,25.42,30.00,"sin ITBIS × 1.18, al peso",14.17,
Refrescos,8002270676819,AGUA SAN PELLEGRINO ARANCIATA,8002270676819,código,127.13,150.00,"sin ITBIS × 1.18, al peso",89.39,
Refrescos,8002270696831,AGUA SAN PELLEGRINO ARANCIATA ROSSA,8002270696831,código,127.13,150.00,"sin ITBIS × 1.18, al peso",89.39,
Refrescos,8002270726828,AGUA SAN PELLEGRINO MELOGRANO,8002270726828,código,127.13,150.00,"sin ITBIS × 1.18, al peso",89.39,
Refrescos,7463172803733,AGUA TONICA ENRIQUILLO,7463172803733,código,42.38,50.00,"sin ITBIS × 1.18, al peso",32.45,
Refrescos,7465383000321,CANADA DRY AGUA TONICA,7465383000321,código,33.90,40.00,"sin ITBIS × 1.18, al peso",25.33,
Refrescos,07811102,CANADA DRY GINGER ALE BLACKBERRY 24/12,07811102,código,84.74,100.00,"sin ITBIS × 1.18, al peso",45.83,
Refrescos,07844508,CANADA DRY GINGER ALE FRUIT SPLASH,07844508,código,84.74,100.00,"sin ITBIS × 1.18, al peso",45.83,
Refrescos,07811403,CANADA DRY GINGER ALE LATA 24 /12,07811403,código,84.74,100.00,"sin ITBIS × 1.18, al peso",45.83,
Refrescos,7465383000307,CANADA DRY SODA 400ML,7465383000307,código,55.24,65.00,"sin ITBIS × 1.18, al peso",25.33,
Refrescos,07811801,CANADA GINGER ALE ZERO,07811801,código,84.75,100.00,"sin ITBIS × 1.18, al peso",45.83,
Refrescos,049000006209,COCA COLA 591ML,049000006209,código,46.61,55.00,"sin ITBIS × 1.18, al peso",41.00,
Refrescos,049000071993,COCA COLA SIN AZUCAR,049000071993,código,25.58,30.00,"sin ITBIS × 1.18, al peso",25.00,
Refrescos,049000057638,COCA-COLA 400ML,049000057638,código,29.66,35.00,"sin ITBIS × 1.18, al peso",25.00,
Refrescos,049000057676,COUNTRY CLUB FRAMBUESA 400ML,049000057676,código,25.58,30.00,"sin ITBIS × 1.18, al peso",20.33,
Refrescos,049000550733,COUNTRY CLUB MANZANA,049000550733,código,25.58,30.00,"sin ITBIS × 1.18, al peso",17.08,
Refrescos,049000057669,COUNTRY CLUB MERENGUE 400ML,049000057669,código,25.58,30.00,"sin ITBIS × 1.18, al peso",20.33,
Refrescos,049000550412,COUNTRY CLUB NARANJA 400 ML,049000550412,código,25.58,30.00,"sin ITBIS × 1.18, al peso",20.33,
Refrescos,049000547870,COUNTRY CLUB PIÑA,049000547870,código,25.58,30.00,"sin ITBIS × 1.18, al peso",17.08,
Refrescos,049000057683,COUNTRY CLUB UVA 400 ML,049000057683,código,25.58,30.00,"sin ITBIS × 1.18, al peso",20.33,
Refrescos,090478410036,JARRITOS FRUIT PUNCH,090478410036,código,123.04,145.00,"sin ITBIS × 1.18, al peso",,
Refrescos,090478410012,JARRITOS MANDARINA,090478410012,código,123.04,145.00,"sin ITBIS × 1.18, al peso",,
Refrescos,090478410029,JARRITOS TAMARINDO,090478410029,código,123.04,145.00,"sin ITBIS × 1.18, al peso",,
Refrescos,073360377518,LA CROIX LEMON,073360377518,código,55.24,65.00,"sin ITBIS × 1.18, al peso",32.91,
Refrescos,073360237515,LA CROIX LIME,073360237515,código,55.24,65.00,"sin ITBIS × 1.18, al peso",32.91,
Refrescos,073360617515,LA CROIX ORANGE,073360617515,código,55.24,65.00,"sin ITBIS × 1.18, al peso",32.91,
Refrescos,012000130311,MOUNTAIN DEW BAJA BLAST,012000130311,código,127.13,150.00,"sin ITBIS × 1.18, al peso",125.00,
Refrescos,01208500,MOUNTAIN DEW VERDE REGULAR,01208500,código,105.93,125.00,"sin ITBIS × 1.18, al peso",58.33,
Refrescos,012000028632,MOUNTAIN DEW VOLTAJE,012000028632,código,127.13,150.00,"sin ITBIS × 1.18, al peso",125.00,
Refrescos,7463172803467,RED ROCK FRAMBUESA,7463172803467,código,25.42,30.00,"sin ITBIS × 1.18, al peso",14.17,
Refrescos,7463172803528,RED ROCK MERENGUE,7463172803528,código,25.42,30.00,"sin ITBIS × 1.18, al peso",14.17,
Refrescos,7463172803580,RED ROCK UVA,7463172803580,código,25.42,30.00,"sin ITBIS × 1.18, al peso",14.17,
Refrescos,7441003530232,REFRESCO LATA SPRITE,7441003530232,código,46.77,55.00,"sin ITBIS × 1.18, al peso",41.67,
Refrescos,7461136665007,REFRESCO TOP TOP FRAMBUESA 450ML,7461136665007,código,25.42,30.00,"sin ITBIS × 1.18, al peso",15.42,
Refrescos,7461136665014,REFRESCO TOP TOP MANZANA 450ML,7461136665014,código,25.42,30.00,"sin ITBIS × 1.18, al peso",15.42,
Refrescos,7461136665038,REFRESCO TOP TOP PIÑA 450ML,7461136665038,código,25.42,30.00,"sin ITBIS × 1.18, al peso",15.42,
Refrescos,8002270916588,SAN PELLEGRINO TONICA,8002270916588,código,169.49,200.00,"sin ITBIS × 1.18, al peso",140.00,
Refrescos,016571910303,SPARKLING ICE BLACK RASPBERRY,016571910303,código,148.32,175.00,"sin ITBIS × 1.18, al peso",85.06,
Refrescos,016571952105,SPARKLING ICE BLACKBERRY,016571952105,código,76.43,90.00,"sin ITBIS × 1.18, al peso",68.00,
Refrescos,016571950842,SPARKLING ICE CHERRY LIMEADE,016571950842,código,148.32,175.00,"sin ITBIS × 1.18, al peso",68.00,
Refrescos,016571940355,SPARKLING ICE CLASSIC LEMONADE,016571940355,código,148.32,175.00,"sin ITBIS × 1.18, al peso",68.00,
Refrescos,016571940331,SPARKLING ICE COCONUT PINEAPPLE,016571940331,código,148.32,175.00,"sin ITBIS × 1.18, al peso",68.00,
Refrescos,016571954369,SPARKLING ICE FRUIT PUNCH,016571954369,código,148.32,175.00,"sin ITBIS × 1.18, al peso",85.06,
Refrescos,016571952679,SPARKLING ICE GRAPE RASPBERRY,016571952679,código,148.32,175.00,"sin ITBIS × 1.18, al peso",68.00,
Refrescos,016571910327,SPARKLING ICE KIWI STRAWBERRY,016571910327,código,148.32,175.00,"sin ITBIS × 1.18, al peso",85.06,
Refrescos,016571911256,SPARKLING ICE LEMON LIME,016571911256,código,148.32,175.00,"sin ITBIS × 1.18, al peso",85.06,
Refrescos,016571910310,SPARKLING ICE ORANGE MANGO,016571910310,código,148.32,175.00,"sin ITBIS × 1.18, al peso",68.00,
Refrescos,016571940348,SPARKLING ICE PEACH NECTARINE,016571940348,código,76.43,90.00,"sin ITBIS × 1.18, al peso",68.00,
Refrescos,016571910372,SPARKLING ICE PINK GRAPEFRUIT,016571910372,código,148.32,175.00,"sin ITBIS × 1.18, al peso",68.00,
Refrescos,016571950293,SPARKLING ICE STRAWBERRY LEMONADE,016571950293,código,148.32,175.00,"sin ITBIS × 1.18, al peso",68.00,
Refrescos,016571950859,SPARKLING ICE STRAWBERRY WATERMELON,016571950859,código,148.32,175.00,"sin ITBIS × 1.18, al peso",68.00,
Refrescos,016571953867,SPARKLING LATA BLACK RASPBERRY,016571953867,código,148.32,175.00,"sin ITBIS × 1.18, al peso",92.43,
Refrescos,016571953843,SPARKLING LATA BLUE RASPBERRY,016571953843,código,148.32,175.00,"sin ITBIS × 1.18, al peso",92.43,
Refrescos,016571955144,SPARKLING LATA CHERRY VANILLA,016571955144,código,148.32,175.00,"sin ITBIS × 1.18, al peso",92.43,
Refrescos,016571953829,SPARKLING LATA CITRUS TWIST,016571953829,código,148.32,175.00,"sin ITBIS × 1.18, al peso",92.43,
Refrescos,016571952839,SPARKLING LATA STRAWBERRY CITRUS,016571952839,código,148.32,175.00,"sin ITBIS × 1.18, al peso",92.43,
Refrescos,016571952822,SPARKLING LATA TROPICAL PUNCH,016571952822,código,148.31,175.00,"sin ITBIS × 1.18, al peso",92.43,
Refrescos,016571957438,SPARKLING LATA WATERMELON LEMONADE,016571957438,código,148.32,175.00,"sin ITBIS × 1.18, al peso",92.43,
Refrescos,049000057690,SPRITE 400 ML,049000057690,código,25.58,30.00,"sin ITBIS × 1.18, al peso",20.33,
Refrescos,1239,SPRITE SIN AZUCAR 400 ML,1239,código,25.42,30.00,"sin ITBIS × 1.18, al peso",20.33,
Aguas,049000551808,AGUA DASANI PEQUEÑA,049000551808,código,25.00,25.00,ya es precio final (tal cual),12.30,
Aguas,061314000032,AGUA EVIAN,061314000032,código,114.41,135.00,"sin ITBIS × 1.18, al peso",81.00,
Aguas,079298000078,AGUA EVIAN GRANDE,079298000078,código,169.50,200.00,"sin ITBIS × 1.18, al peso",118.59,
Aguas,632565000029,AGUA FIJI 1 LITRO,632565000029,código,212.00,250.00,"sin ITBIS × 1.18, al peso",172.08,
Aguas,632565000012,AGUA FIJI 500ML,632565000012,código,127.20,150.00,"sin ITBIS × 1.18, al peso",88.96,
Aguas,8002270966576,AGUA PANNA PEQUEÑA 500ML,8002270966576,código,127.13,150.00,"sin ITBIS × 1.18, al peso",80.83,
Aguas,8000815355250,AGUA PANNA TUSCANY 1 LT,8000815355250,código,177.98,210.00,"sin ITBIS × 1.18, al peso",139.17,
Aguas,701891100014,AGUA PLANETA AZUL 16 ONZ,701891100014,código,21.19,25.00,"sin ITBIS × 1.18, al peso",8.00,
Aguas,7461136665069,AGUA PUREZA SANA,7461136665069,código,21.19,25.00,"sin ITBIS × 1.18, al peso",7.00,
Aguas,893919001301,ICELANDIC AGUA MINERAL 1 LT,893919001301,código,211.86,250.00,"sin ITBIS × 1.18, al peso",162.00,
Aguas,1063,ICELANDIC AGUA MINERAL 500ML,1063,código,125.00,125.00,ya es precio final (tal cual),90.83,
Aguas,893919001509,ICELANDIC AGUA MINERAL 750ML CHUPI,893919001509,código,233.05,275.00,"sin ITBIS × 1.18, al peso",183.33,
Aguas,1061,PERRIER,1061,código,93.22,110.00,"sin ITBIS × 1.18, al peso",79.17,
Aguas,1060,SAN PELLEGRINO 250ML,1060,código,120.00,120.00,ya es precio final (tal cual),73.27,
Jugos y lácteos,893504860702,AGUA DE COCO CON PULPA,893504860702,código,122.89,145.00,"sin ITBIS × 1.18, al peso",81.25,
Jugos y lácteos,735051000630,COMPOTA HEINZ BABY FRUITAS,735051000630,código,42.37,50.00,"sin ITBIS × 1.18, al peso",27.97,
Jugos y lácteos,735051000562,COMPOTA HEINZ BABY MANZANA,735051000562,código,42.37,50.00,"sin ITBIS × 1.18, al peso",27.97,
Jugos y lácteos,735051000579,COMPOTA HEINZ BABY PERA,735051000579,código,42.37,50.00,"sin ITBIS × 1.18, al peso",27.97,
Jugos y lácteos,612197211260,ENTEREX TOTAL FRESA 8Z,612197211260,código,224.74,265.00,"sin ITBIS × 1.18, al peso",152.31,
Jugos y lácteos,612197211161,ENTEREX TOTAL VAINILLA 8Z,612197211161,código,224.74,265.00,"sin ITBIS × 1.18, al peso",152.31,
Jugos y lácteos,7466442630046,FRUIT PARADISE CEREZA,7466442630046,código,76.43,90.00,"sin ITBIS × 1.18, al peso",58.00,
Jugos y lácteos,7466442630039,FRUIT PARADISE CHINOLA,7466442630039,código,84.90,100.00,"sin ITBIS × 1.18, al peso",65.00,
Jugos y lácteos,7466442630060,FRUIT PARADISE FRESA,7466442630060,código,84.90,100.00,"sin ITBIS × 1.18, al peso",65.00,
Jugos y lácteos,7466442630145,FRUIT PARADISE FRUIT PUNCH,7466442630145,código,76.43,90.00,"sin ITBIS × 1.18, al peso",58.00,
Jugos y lácteos,7466442630053,FRUIT PARADISE LIMON,7466442630053,código,76.43,90.00,"sin ITBIS × 1.18, al peso",58.00,
Jugos y lácteos,7466442630107,FRUIT PARADISE PIÑA,7466442630107,código,76.43,90.00,"sin ITBIS × 1.18, al peso",58.00,
Jugos y lácteos,110000100274,JUGO 100% SIN AZUCAR PEQUEÑO,110000100274,código,42.53,50.00,"sin ITBIS × 1.18, al peso",38.68,
Jugos y lácteos,1110,JUGO CLAMATO 5.5 OZ,1110,código,59.32,70.00,"sin ITBIS × 1.18, al peso",47.50,
Jugos y lácteos,096619204212,JUGO KIRKLAND ACAI BLUEBERRY,096619204212,código,84.75,100.00,"sin ITBIS × 1.18, al peso",48.00,
Jugos y lácteos,096619204205,JUGO KIRKLAND DRAGON FRUIT,096619204205,código,84.75,100.00,"sin ITBIS × 1.18, al peso",48.33,
Jugos y lácteos,096619192328,JUGO KIRKLAND LEMONADE,096619192328,código,84.75,100.00,"sin ITBIS × 1.18, al peso",48.33,
Jugos y lácteos,096619204014,JUGO KIRKLAND TROPICAL MANGO,096619204014,código,84.75,100.00,"sin ITBIS × 1.18, al peso",48.33,
Jugos y lácteos,110000100559,JUGO NATURAL DE CHINOLA,110000100559,código,101.85,120.00,"sin ITBIS × 1.18, al peso",,
Jugos y lácteos,110000100558,JUGO NATURAL DE LIMON,110000100558,código,101.85,120.00,"sin ITBIS × 1.18, al peso",,
Jugos y lácteos,024474007211,JUGO PETIT DURAZNO,024474007211,código,42.53,50.00,"sin ITBIS × 1.18, al peso",,
Jugos y lácteos,024474007020,JUGO PETIT MANZANA,024474007020,código,42.53,50.00,"sin ITBIS × 1.18, al peso",,
Jugos y lácteos,024474007068,JUGO PETIT PERA,024474007068,código,42.53,50.00,"sin ITBIS × 1.18, al peso",,
Jugos y lácteos,024474007174,JUGO PETIT PIÑA,024474007174,código,42.38,50.00,"sin ITBIS × 1.18, al peso",,
Jugos y lácteos,110000100303,JUGO RICA DE PERA,110000100303,código,50.85,60.00,"sin ITBIS × 1.18, al peso",33.10,
Jugos y lácteos,790330021270,JUGO RICA FRUIT PUNCH,790330021270,código,63.56,75.00,"sin ITBIS × 1.18, al peso",33.10,
Jugos y lácteos,110000100712,JUGO RICA LIMON,110000100712,código,50.85,60.00,"sin ITBIS × 1.18, al peso",31.11,
Jugos y lácteos,790330021171,JUGO RICA MANZANA,790330021171,código,50.85,60.00,"sin ITBIS × 1.18, al peso",33.10,
Jugos y lácteos,790330021089,JUGO RICA NARANJA 100% CON AZUCAR,790330021089,código,63.56,75.00,"sin ITBIS × 1.18, al peso",52.10,
Jugos y lácteos,790330021140,JUGO RICA NARANJA 100% SIN AZUCAR,790330021140,código,76.27,90.00,"sin ITBIS × 1.18, al peso",61.09,
Jugos y lácteos,790330021249,JUGO RICA PERA,790330021249,código,50.85,60.00,"sin ITBIS × 1.18, al peso",33.10,
Jugos y lácteos,790330002323,LECHE CHOCORICA,790330002323,código,29.66,35.00,"sin ITBIS × 1.18, al peso",25.35,
Jugos y lácteos,031200008091,OCEAN SPRAY DE ARANDANOS,031200008091,código,93.23,110.00,"sin ITBIS × 1.18, al peso",67.45,
Jugos y lácteos,7462275402812,V8 SPLASH,7462275402812,código,89.15,105.00,"sin ITBIS × 1.18, al peso",87.00,
Jugos y lácteos,041800490004,WELCH'S FRUIT PUNCH,041800490004,código,55.09,65.00,"sin ITBIS × 1.18, al peso",39.83,
Jugos y lácteos,041800326006,WELCH'S GRAPE,041800326006,código,55.09,65.00,"sin ITBIS × 1.18, al peso",39.83,
Jugos y lácteos,041800317004,WELCH'S ORANGE,041800317004,código,55.09,65.00,"sin ITBIS × 1.18, al peso",39.83,
Deportivas y energizantes,842595135534,C4 ENERGY BITTEN CITRUS,842595135534,código,203.50,240.00,"sin ITBIS × 1.18, al peso",156.25,
Deportivas y energizantes,842595121766,C4 ENERGY COSMIC RAINBOW,842595121766,código,203.50,240.00,"sin ITBIS × 1.18, al peso",156.25,
Deportivas y energizantes,842595106596,C4 ENERGY FROZEN BOMBSICLE,842595106596,código,203.50,240.00,"sin ITBIS × 1.18, al peso",156.25,
Deportivas y energizantes,842595136050,C4 ENERGY GUMMY SPLASH,842595136050,código,203.50,240.00,"sin ITBIS × 1.18, al peso",156.25,
Deportivas y energizantes,842595109368,C4 ENERGY ORANGE,842595109368,código,203.50,240.00,"sin ITBIS × 1.18, al peso",156.25,
Deportivas y energizantes,9002490204006,ENERGIZANTE RED BULL 250 ML PEQUEÑO,9002490204006,código,110.17,130.00,"sin ITBIS × 1.18, al peso",84.13,
Deportivas y energizantes,9002490212148,ENERGIZANTE RED BULL 355ML MED,9002490212148,código,169.50,200.00,"sin ITBIS × 1.18, al peso",105.00,
Deportivas y energizantes,9002490267544,ENERGIZANTE RED BULL 473ML GRANDE,9002490267544,código,220.35,260.00,"sin ITBIS × 1.18, al peso",172.50,
Deportivas y energizantes,7460548000130,GATORADE AZUL/ BLUE GRANDE 600ML,7460548000130,código,63.72,75.00,"sin ITBIS × 1.18, al peso",41.24,
Deportivas y energizantes,7460548000147,GATORADE DE MELON GRANDE FIERCE 600ML,7460548000147,código,63.56,75.00,"sin ITBIS × 1.18, al peso",43.31,
Deportivas y energizantes,7460548002660,GATORADE FRESA SANDIA 600 ML,7460548002660,código,63.56,75.00,"sin ITBIS × 1.18, al peso",41.25,
Deportivas y energizantes,7460548000178,GATORADE LEMON LIME,7460548000178,código,63.72,75.00,"sin ITBIS × 1.18, al peso",42.44,
Deportivas y energizantes,7460548000161,GATORADE MORADO UVA GRANDE 600ML,7460548000161,código,63.72,75.00,"sin ITBIS × 1.18, al peso",42.44,
Deportivas y energizantes,7460548000185,GATORADE NARANJA ORANGE GRANDE 600ML,7460548000185,código,63.72,75.00,"sin ITBIS × 1.18, al peso",41.25,
Deportivas y energizantes,7460548000017,GATORADE PEQUEÑO AZUL/ BLUE COOL 350ML,7460548000017,código,42.53,50.00,"sin ITBIS × 1.18, al peso",26.18,
Deportivas y energizantes,7460548000048,GATORADE PEQUEÑO NARANJA 350 ML,7460548000048,código,42.53,50.00,"sin ITBIS × 1.18, al peso",25.00,
Deportivas y energizantes,7460548000024,GATORADE PEQUEÑO ROJO/ FRUIT PUNCH 350ML,7460548000024,código,42.52,50.00,"sin ITBIS × 1.18, al peso",27.56,
Deportivas y energizantes,7460548000031,GATORADE PEQUEÑO UVA 350 ML,7460548000031,código,42.53,50.00,"sin ITBIS × 1.18, al peso",27.56,
Deportivas y energizantes,7460548000154,GATORADE ROJO GRANDE/FRUIT PUNCH 600ML,7460548000154,código,63.72,75.00,"sin ITBIS × 1.18, al peso",42.44,
Deportivas y energizantes,7460548002127,GATORADE ZERO AZUL BERRY BLUE 500ML,7460548002127,código,59.32,70.00,"sin ITBIS × 1.18, al peso",34.09,
Deportivas y energizantes,7460548002134,GATORADE ZERO ROJO 500 ML,7460548002134,código,59.32,70.00,"sin ITBIS × 1.18, al peso",34.09,
Deportivas y energizantes,7460548002141,GATORLIT MORA AZUL 12/591 ML,7460548002141,código,127.12,150.00,"sin ITBIS × 1.18, al peso",53.57,
Deportivas y energizantes,7460548002158,GATORLIT RECOVER COCO 12/591ML,7460548002158,código,127.12,150.00,"sin ITBIS × 1.18, al peso",53.57,
Deportivas y energizantes,7460548002189,GATORLIT RECOVER FRESA KIWI,7460548002189,código,127.12,150.00,"sin ITBIS × 1.18, al peso",53.57,
Deportivas y energizantes,7460548002172,GATORLIT RECOVER NARANJA,7460548002172,código,127.12,150.00,"sin ITBIS × 1.18, al peso",53.57,
Deportivas y energizantes,7460548002165,GATORLIT RECOVER UVA 12/591ML,7460548002165,código,127.12,150.00,"sin ITBIS × 1.18, al peso",53.58,
Deportivas y energizantes,052000049008,GATORLYTE CHERRY LIME,052000049008,código,127.13,150.00,"sin ITBIS × 1.18, al peso",77.51,
Deportivas y energizantes,052000050820,GATORLYTE MIXED BERRY,052000050820,código,127.13,150.00,"sin ITBIS × 1.18, al peso",77.51,
Deportivas y energizantes,052000047905,GATORLYTE NARANJA,052000047905,código,127.13,150.00,"sin ITBIS × 1.18, al peso",77.51,
Deportivas y energizantes,052000050622,GATORLYTE SANDIA,052000050622,código,127.13,150.00,"sin ITBIS × 1.18, al peso",74.17,
Deportivas y energizantes,052000047912,GATORLYTE STRAWBERRY KIWI,052000047912,código,127.13,150.00,"sin ITBIS × 1.18, al peso",77.51,
Deportivas y energizantes,070847029106,MONSTER ENERGY,070847029106,código,105.93,125.00,"sin ITBIS × 1.18, al peso",76.69,
Deportivas y energizantes,650240070495,SUEROX COCO,650240070495,código,224.57,265.00,"sin ITBIS × 1.18, al peso",165.83,
Deportivas y energizantes,650240063213,SUEROX FRESA-KIWI,650240063213,código,224.74,265.00,"sin ITBIS × 1.18, al peso",150.45,
Deportivas y energizantes,650240069192,SUEROX FRUTOS ROJOS TROPICALES,650240069192,código,224.74,265.00,"sin ITBIS × 1.18, al peso",150.45,
Deportivas y energizantes,650240069208,SUEROX LIMA LIMON,650240069208,código,224.74,265.00,"sin ITBIS × 1.18, al peso",150.45,
Deportivas y energizantes,650240063220,SUEROX MANZANA,650240063220,código,224.74,265.00,"sin ITBIS × 1.18, al peso",150.45,
Deportivas y energizantes,650240063244,SUEROX MORA AZUL-HIERBABUENA,650240063244,código,224.74,265.00,"sin ITBIS × 1.18, al peso",141.24,
Deportivas y energizantes,650240061325,SUEROX UVA,650240061325,código,224.74,265.00,"sin ITBIS × 1.18, al peso",141.24,
Deportivas y energizantes,110000100313,VITARAIN BLUEBERRY,110000100313,código,42.53,50.00,"sin ITBIS × 1.18, al peso",37.78,
Deportivas y energizantes,110000100312,VITARAIN DRAGON FRUIT,110000100312,código,42.53,50.00,"sin ITBIS × 1.18, al peso",37.78,
Deportivas y energizantes,110000100314,VITARAIN LEMONADE,110000100314,código,42.53,50.00,"sin ITBIS × 1.18, al peso",37.78,
Deportivas y energizantes,110000100315,VITARAIN TROP. MANGO,110000100315,código,42.53,50.00,"sin ITBIS × 1.18, al peso",37.78,
Café,1058,CHOCOLATE FRIO SNICKERS,1058,código,296.04,349.00,"sin ITBIS × 1.18, al peso",204.17,
Café,1057,CHOCOLATE FRIO TWIX,1057,código,296.04,349.00,"sin ITBIS × 1.18, al peso",204.17,
Café,01264904,FRAPPUCCINO MOCHA,01264904,código,211.88,250.00,"sin ITBIS × 1.18, al peso",163.33,
Café,1059,FRAPPUCCINO VAINILLA,1059,código,236.83,279.00,"sin ITBIS × 1.18, al peso",163.34,
Café,110000100696,NESCAFE AGUA CALIENTE,110000100696,código,50.85,60.00,"sin ITBIS × 1.18, al peso",25.00,
Café,110000100703,NESCAFE AMERICANO,110000100703,código,63.56,75.00,"sin ITBIS × 1.18, al peso",35.00,
Café,110000100320,NESCAFE CAFE CON LECHE,110000100320,código,93.23,110.00,"sin ITBIS × 1.18, al peso",42.45,
Café,110000100702,NESCAFE CAFE LARGO,110000100702,código,42.38,50.00,"sin ITBIS × 1.18, al peso",18.54,
Café,110000100323,NESCAFE CAPUCHINO,110000100323,código,105.94,125.00,"sin ITBIS × 1.18, al peso",52.70,
Café,110000100324,NESCAFE CAPUCHINO DE VAINILLA,110000100324,código,105.94,125.00,"sin ITBIS × 1.18, al peso",52.70,
Café,110000100700,NESCAFE CAPUCHINO DE VAINILLA FRIO,110000100700,código,156.79,185.00,"sin ITBIS × 1.18, al peso",80.00,
Café,110000100699,NESCAFE CAPUCHINO FRIO,110000100699,código,152.55,180.00,"sin ITBIS × 1.18, al peso",80.00,
Café,110000100698,NESCAFE CHOCO-VAINILLA,110000100698,código,105.94,125.00,"sin ITBIS × 1.18, al peso",59.55,
Café,110000100697,NESCAFE CHOCOLATE,110000100697,código,93.23,110.00,"sin ITBIS × 1.18, al peso",52.78,
Café,110000100322,NESCAFE CORTADITO,110000100322,código,76.28,90.00,"sin ITBIS × 1.18, al peso",25.25,
Café,110000100704,NESCAFE DOBLE EXPRESO,110000100704,código,76.28,90.00,"sin ITBIS × 1.18, al peso",30.00,
Café,110000100326,NESCAFE ESTILO DOMINICANO,110000100326,código,59.33,70.00,"sin ITBIS × 1.18, al peso",35.73,
Café,110000100327,NESCAFE EXPRESO,110000100327,código,55.08,65.00,"sin ITBIS × 1.18, al peso",30.00,
Café,110000100325,NESCAFE MOKACCINO,110000100325,código,105.94,125.00,"sin ITBIS × 1.18, al peso",55.64,
Café,110000100701,NESCAFE MOKACCINO FRIO,110000100701,código,161.03,190.00,"sin ITBIS × 1.18, al peso",85.00,
Pizzas,1181,INGREDIENTES ADICIONALES PIZZA,1181,código,84.74,100.00,"sin ITBIS × 1.18, al peso",,
Pizzas,1180,PIZZA DE BACON,1180,código,381.35,450.00,"sin ITBIS × 1.18, al peso",320.00,
Pizzas,1179,PIZZA DE JAMON Y QUESO,1179,código,339.00,400.00,"sin ITBIS × 1.18, al peso",320.00,
Pizzas,1183,PIZZA DE MAIZ,1183,código,296.90,350.00,"sin ITBIS × 1.18, al peso",210.00,
Pizzas,1046,PIZZA DE PEPERONI,1046,código,296.90,350.00,"sin ITBIS × 1.18, al peso",280.00,
Pizzas,1045,PIZZA DE QUESO,1045,código,296.61,350.00,"sin ITBIS × 1.18, al peso",237.29,
Pizzas,1047,PIZZA DE QUESO DE CABRA CON MIEL,1047,código,339.00,400.00,"sin ITBIS × 1.18, al peso",320.00,
Pizzas,1178,PIZZA NAPOLITANA (TOMATE Y ALBAHACA),1178,código,339.00,400.00,"sin ITBIS × 1.18, al peso",320.00,
Pizzas,1048,PIZZA ULTRA SALAMI PICANTE,1048,código,339.00,400.00,"sin ITBIS × 1.18, al peso",320.00,
Pizzas,1177,SLIDE DE PIZZA,1177,código,59.32,70.00,"sin ITBIS × 1.18, al peso",50.00,
Comida,1055,ALITAS BBQ,1055,código,398.32,470.00,"sin ITBIS × 1.18, al peso",,
Comida,1070,ARROZ FRITO,1070,código,461.86,545.00,"sin ITBIS × 1.18, al peso",,
Comida,110000100570,CASABE,110000100570,código,106.09,125.00,"sin ITBIS × 1.18, al peso",,
Comida,110000100687,CROISSANT JAMON Y QUESO,110000100687,código,292.39,345.00,"sin ITBIS × 1.18, al peso",270.00,
Comida,110000100532,CROQUETAS DE POLLO,110000100532,código,42.38,50.00,"sin ITBIS × 1.18, al peso",20.00,
Comida,1217,EMPANADA CATIBIA POLLO PAQUETE DE 3,1217,código,169.49,200.00,"sin ITBIS × 1.18, al peso",90.00,
Comida,1218,EMPANADA CATIBIA QUESO PAQUETE DE 3,1218,código,169.49,200.00,"sin ITBIS × 1.18, al peso",90.00,
Comida,110000100280,EMPANADA DE PIZZA,110000100280,código,84.90,100.00,"sin ITBIS × 1.18, al peso",59.00,
Comida,110000100281,EMPANADA DE POLLO CREMA,110000100281,código,84.90,100.00,"sin ITBIS × 1.18, al peso",59.00,
Comida,1120,EMPANADA DE POLLO MAIZ,1120,código,84.90,100.00,"sin ITBIS × 1.18, al peso",59.00,
Comida,1119,EMPANADA DE POLLO PUERRO,1119,código,84.90,100.00,"sin ITBIS × 1.18, al peso",59.00,
Comida,110000100282,EMPANADA DE QUESO,110000100282,código,84.90,100.00,"sin ITBIS × 1.18, al peso",59.00,
Comida,110000100283,EMPANADA DE RES,110000100283,código,84.90,100.00,"sin ITBIS × 1.18, al peso",59.00,
Comida,110000100461,EMPANADAS DE YUKA PEQUEÑAS,110000100461,código,84.90,100.00,"sin ITBIS × 1.18, al peso",60.00,
Comida,110000100464,EMPANADITAS CATIVIA,110000100464,código,42.38,50.00,"sin ITBIS × 1.18, al peso",30.00,
Comida,110000100331,HAMBURGUESA,110000100331,código,381.38,450.00,"sin ITBIS × 1.18, al peso",,
Comida,110000100663,HAMBURGUESA DEL EVENTO,110000100663,código,339.00,400.00,"sin ITBIS × 1.18, al peso",106.20,
Comida,1216,HAMBURGUESA SMASH,1216,código,423.72,500.00,"sin ITBIS × 1.18, al peso",,
Comida,110000100615,HOT DOG SALCHICHA ITALIANA,110000100615,código,148.31,175.00,"sin ITBIS × 1.18, al peso",,
Comida,110000100332,HOT DOG SALCHICHA TRADICIONAL,110000100332,código,127.13,150.00,"sin ITBIS × 1.18, al peso",,
Comida,021000010875,MAC & CHEESE MACARRONES,021000010875,código,105.93,125.00,"sin ITBIS × 1.18, al peso",82.92,
Comida,110000100317,NACHOS MARIA,110000100317,código,169.65,200.00,"sin ITBIS × 1.18, al peso",74.75,
Comida,110000100334,PAPAS FRITAS,110000100334,código,127.28,150.00,"sin ITBIS × 1.18, al peso",,
Comida,110000100569,PASTA DE POLLO,110000100569,código,212.03,250.00,"sin ITBIS × 1.18, al peso",,
Comida,1182,PASTA TRES QUESO,1182,código,466.10,550.00,"sin ITBIS × 1.18, al peso",270.00,
Comida,110000100551,PECHUGA A LA PLANCHA,110000100551,código,466.10,550.00,"sin ITBIS × 1.18, al peso",,
Comida,1064,PLATO DE MANGU DE GUINEITO,1064,código,275.00,275.00,ya es precio final (tal cual),,
Comida,110000100277,PORCION CARNE SALADA,110000100277,código,381.38,450.00,"sin ITBIS × 1.18, al peso",114.41,
Comida,1132,PORCION DE ALAS,1132,código,,,sin precio en la lista,200.00,
Comida,110000100339,PORCION PECHURINA,110000100339,código,296.61,350.00,"sin ITBIS × 1.18, al peso",70.00,
Comida,110000100308,QUIPE DE CABRA Y CEBOLLA CARAMELIZADA,110000100308,código,93.22,110.00,"sin ITBIS × 1.18, al peso",61.36,
Comida,110000100309,QUIPE DE POLLO,110000100309,código,84.90,100.00,"sin ITBIS × 1.18, al peso",53.10,
Comida,110000100310,QUIPE DE RES,110000100310,código,84.90,100.00,"sin ITBIS × 1.18, al peso",56.64,
Comida,110000100689,SANDWICH DE JAMON Y QUESO,110000100689,código,199.16,235.00,"sin ITBIS × 1.18, al peso",,
Comida,110000100688,SANDWICH ITALIANO,110000100688,código,326.29,385.00,"sin ITBIS × 1.18, al peso",,
Comida,110000100657,SERVICIO DE CHICHARRON,110000100657,código,508.50,600.00,"sin ITBIS × 1.18, al peso",170.00,
Comida,110000100658,SERVICIO DE LONGANIZA,110000100658,código,381.38,450.00,"sin ITBIS × 1.18, al peso",145.00,
Comida,110000100692,SERVICIO DE MOFONGO,110000100692,código,550.88,650.00,"sin ITBIS × 1.18, al peso",,
Comida,110000100499,SERVICIO DE PAPAS,110000100499,código,127.28,150.00,"sin ITBIS × 1.18, al peso",,
Comida,110000100500,SERVICIO DE YUKITAS,110000100500,código,144.23,170.00,"sin ITBIS × 1.18, al peso",,
Comida,1034,SERVICIO PAPAS FRITAS SOLA,1034,código,106.00,125.00,"sin ITBIS × 1.18, al peso",,
Comida,1186,SOPA ISIM POLLO,1186,código,63.56,75.00,"sin ITBIS × 1.18, al peso",33.16,
Comida,110000100686,TOSTADA DE AGUACATE,110000100686,código,237.30,280.00,"sin ITBIS × 1.18, al peso",,
Comida,110000100328,"TOSTADA DE JAMON, QUESO Y SALAMI GENOA",110000100328,código,127.28,150.00,"sin ITBIS × 1.18, al peso",,
Comida,110000100330,TOSTADA DE QUESO,110000100330,código,152.55,180.00,"sin ITBIS × 1.18, al peso",,
Comida,110000100329,TOSTADA JAMON Y QUESO,110000100329,código,101.85,120.00,"sin ITBIS × 1.18, al peso",,
Comida,1242,WRAP DE POLLO PREMIUM BURRITO,1242,código,317.80,375.00,"sin ITBIS × 1.18, al peso",200.00,
Comida,110000100335,YUQUITAS FRITAS,110000100335,código,127.28,150.00,"sin ITBIS × 1.18, al peso",,
Snacks,110000100348,CARIBAS AJO,110000100348,código,97.62,115.00,"sin ITBIS × 1.18, al peso",85.40,
Snacks,7460496801476,CARIBAS NATU MADURO PU CS,7460496801476,código,34.05,40.00,"sin ITBIS × 1.18, al peso",28.92,
Snacks,7467113580882,CARLES MADURITOS,7467113580882,código,55.24,65.00,"sin ITBIS × 1.18, al peso",39.83,
Snacks,7451011040425,CARLES PLATANITOS CHIP,7451011040425,código,46.61,55.00,"sin ITBIS × 1.18, al peso",39.83,
Snacks,7467113580974,CARLES PLATANITOS LIMON,7467113580974,código,55.24,65.00,"sin ITBIS × 1.18, al peso",39.83,
Snacks,7451011041149,CARLES PLATANITOS PICANTITOS,7451011041149,código,55.24,65.00,"sin ITBIS × 1.18, al peso",39.83,
Snacks,7451011040289,CARLES TAJADITAS,7451011040289,código,55.24,65.00,"sin ITBIS × 1.18, al peso",39.83,
Snacks,7451011041132,CARLES YUKITAS PICANTITAS,7451011041132,código,55.24,65.00,"sin ITBIS × 1.18, al peso",39.83,
Snacks,7451011040043,CARLES YUQUITA,7451011040043,código,55.24,65.00,"sin ITBIS × 1.18, al peso",39.83,
Snacks,7460496804286,CHEETOS CRUNCHY CS,7460496804286,código,21.19,25.00,"sin ITBIS × 1.18, al peso",12.40,
Snacks,1081,CHEETOS CRUNCHY GRANDE,1081,código,145.00,145.00,ya es precio final (tal cual),103.13,
Snacks,7460496805214,CHEETOS GARRITAS SABOR CHEDDAR,7460496805214,código,21.19,25.00,"sin ITBIS × 1.18, al peso",12.40,
Snacks,7460496804293,CHEETOS HAMBURGUESA CS,7460496804293,código,21.19,25.00,"sin ITBIS × 1.18, al peso",12.40,
Snacks,7460496803685,CHEETOS QUESO BLANCO,7460496803685,código,21.19,25.00,"sin ITBIS × 1.18, al peso",12.40,
Snacks,721282411123,CHEETOS SWAP,721282411123,código,16.95,20.00,"sin ITBIS × 1.18, al peso",12.40,
Snacks,7465619163011,CHEMILO,7465619163011,código,29.66,35.00,"sin ITBIS × 1.18, al peso",17.70,
Snacks,7460496805573,CHICHARRON FLAMIN FRITO LAY,7460496805573,código,35.00,35.00,ya es precio final (tal cual),20.00,
Snacks,7464113824121,CHICHARRON LIMON,7464113824121,código,38.14,45.00,"sin ITBIS × 1.18, al peso",28.92,
Snacks,1082,CHICHARRON LIMON GRANDE,1082,código,145.00,145.00,ya es precio final (tal cual),103.13,
Snacks,1203,CORNETAS,1203,código,42.37,50.00,"sin ITBIS × 1.18, al peso",32.11,
Snacks,7460496805672,DETODITO MOFONGO,7460496805672,código,42.37,50.00,"sin ITBIS × 1.18, al peso",33.05,
Snacks,7460496805498,DORITOS DINAMITA ROC CS,7460496805498,código,21.19,25.00,"sin ITBIS × 1.18, al peso",16.52,
Snacks,7460496805016,DORITOS FLAMIN HOT DR CS,7460496805016,código,34.05,40.00,"sin ITBIS × 1.18, al peso",21.02,
Snacks,1118,DORITOS MOFONGO DR,1118,código,34.42,41.00,"sin ITBIS × 1.18, al peso",33.05,
Snacks,7460496803999,DORITOS NACHO CS,7460496803999,código,29.66,35.00,"sin ITBIS × 1.18, al peso",24.80,
Snacks,1083,DORITOS NACHOS GRANDES,1083,código,145.00,145.00,ya es precio final (tal cual),103.13,
Snacks,7460496804002,DORITOS PM CS,7460496804002,código,29.66,35.00,"sin ITBIS × 1.18, al peso",24.80,
Snacks,721282411109,DORITOS SWAP,721282411109,código,33.90,40.00,"sin ITBIS × 1.18, al peso",24.79,
Snacks,7460496806068,HOJUELITA TOCINETA,7460496806068,código,17.00,20.00,"sin ITBIS × 1.18, al peso",12.74,
Snacks,7460496803623,HOJUELITAS BBQ CS,7460496803623,código,21.19,25.00,"sin ITBIS × 1.18, al peso",12.74,
Snacks,1087,HOJUELITAS BBQ GRANDE,1087,código,145.00,145.00,ya es precio final (tal cual),103.13,
Snacks,7460496803616,HOJUELITAS DE QUESO CS,7460496803616,código,21.19,25.00,"sin ITBIS × 1.18, al peso",12.74,
Snacks,7460496806105,HOJUELITAS FH CS,7460496806105,código,21.19,25.00,"sin ITBIS × 1.18, al peso",12.74,
Snacks,1088,HOJUELITAS QUESO GRANDE,1088,código,145.00,145.00,ya es precio final (tal cual),103.13,
Snacks,7460496806143,LAYS ASADO DR CS,7460496806143,código,38.14,45.00,"sin ITBIS × 1.18, al peso",28.92,
Snacks,7460496804811,LAYS BBQ,7460496804811,código,35.16,41.00,"sin ITBIS × 1.18, al peso",28.92,
Snacks,7460496803944,LAYS CLASICAS,7460496803944,código,42.37,50.00,"sin ITBIS × 1.18, al peso",24.51,
Snacks,1089,LAYS CLASICAS GRANDES,1089,código,145.00,145.00,ya es precio final (tal cual),103.13,
Snacks,7460496803968,LAYS LIMON,7460496803968,código,38.13,45.00,"sin ITBIS × 1.18, al peso",26.03,
Snacks,1090,LAYS LIMON GRANDE,1090,código,145.00,145.00,ya es precio final (tal cual),103.13,
Snacks,7460496803951,LAYS QUESO BLANCO,7460496803951,código,38.14,45.00,"sin ITBIS × 1.18, al peso",26.03,
Snacks,1117,LAYS SAL DR32GX,1117,código,38.13,45.00,"sin ITBIS × 1.18, al peso",28.92,
Snacks,721282411055,LAYS SWAP DR,721282411055,código,38.14,45.00,"sin ITBIS × 1.18, al peso",28.92,
Snacks,7460496806204,LAYS TACO DR CS,7460496806204,código,38.14,45.00,"sin ITBIS × 1.18, al peso",28.92,
Snacks,1230,NATUCHIPS AJO,1230,código,38.14,45.00,"sin ITBIS × 1.18, al peso",28.92,
Snacks,1092,NATUCHIPS GRANDES,1092,código,155.00,155.00,ya es precio final (tal cual),103.13,
Snacks,1206,NATUCHIPS LIMON DR,1206,código,38.14,45.00,"sin ITBIS × 1.18, al peso",28.92,
Snacks,7460496800523,NATUCHIPS PL ORIGINAL RD,7460496800523,código,38.13,45.00,"sin ITBIS × 1.18, al peso",28.92,
Snacks,1204,NATUCHIPS YUCA CS,1204,código,38.14,45.00,"sin ITBIS × 1.18, al peso",28.92,
Snacks,1205,NATUCHIPS YUCA QUESO CS,1205,código,38.14,45.00,"sin ITBIS × 1.18, al peso",28.92,
Snacks,607766702652,PALOMITAS,607766702652,código,63.56,75.00,"sin ITBIS × 1.18, al peso",35.00,
Snacks,029000017931,PLANTERS MANI,029000017931,código,51.00,60.00,"sin ITBIS × 1.18, al peso",37.08,
Snacks,7460496800530,PLATANITOS SAL CS,7460496800530,código,21.19,25.00,"sin ITBIS × 1.18, al peso",16.53,
Snacks,038000183737,PRINGLES BBQ,038000183737,código,55.09,65.00,"sin ITBIS × 1.18, al peso",41.37,
Snacks,038000183713,PRINGLES BBQ LATA GRANDE,038000183713,código,254.24,300.00,"sin ITBIS × 1.18, al peso",150.00,
Snacks,1113,PRINGLES CANTINITA PEQ,1113,código,42.37,50.00,"sin ITBIS × 1.18, al peso",23.79,
Snacks,038000184949,PRINGLES CEBOLLA LATA GRANDE,038000184949,código,254.25,300.00,"sin ITBIS × 1.18, al peso",150.00,
Snacks,038000846748,PRINGLES CREMA Y CEBOLLA,038000846748,código,63.59,75.00,"sin ITBIS × 1.18, al peso",53.75,
Snacks,038000184956,PRINGLES DE QUESO LATA GRANDE,038000184956,código,254.25,300.00,"sin ITBIS × 1.18, al peso",150.00,
Snacks,038000846731,PRINGLES ORIGINAL,038000846731,código,63.59,75.00,"sin ITBIS × 1.18, al peso",53.75,
Snacks,038000184932,PRINGLES ORIGINAL LATA GRANDE,038000184932,código,254.25,300.00,"sin ITBIS × 1.18, al peso",160.00,
Snacks,038000138638,PRINGLES PIZZA LATA GRANDE,038000138638,código,254.24,300.00,"sin ITBIS × 1.18, al peso",150.00,
Snacks,038000846755,PRINGLES QUESO,038000846755,código,63.56,75.00,"sin ITBIS × 1.18, al peso",53.75,
Snacks,20788124,RABITOS INOA,20788124,código,42.53,50.00,"sin ITBIS × 1.18, al peso",,
Snacks,1170,RANC BUTFFE RANC PEQ,1170,código,33.90,40.00,"sin ITBIS × 1.18, al peso",16.68,
Snacks,750894614301,RANCH BUFFE RANCH,750894614301,código,33.90,40.00,"sin ITBIS × 1.18, al peso",16.67,
Snacks,1149,RANCH EXCITANT GRANDE,1149,código,110.17,130.00,"sin ITBIS × 1.18, al peso",71.63,
Snacks,1653265,RANCH NACH EXCITANT PEQ.,1653265,código,33.90,40.00,"sin ITBIS × 1.18, al peso",16.67,
Snacks,750894603404,RANCH NACH PIZZA PEQ.,750894603404,código,33.90,40.00,"sin ITBIS × 1.18, al peso",16.67,
Snacks,750894614288,RANCH NACHO QUESO PEQ.,750894614288,código,33.90,40.00,"sin ITBIS × 1.18, al peso",16.67,
Snacks,750894606399,RANCHITA DE QUESO GRANDE,750894606399,código,110.17,130.00,"sin ITBIS × 1.18, al peso",71.62,
Snacks,110000100343,RANCHITAS NATURALES,110000100343,código,97.62,115.00,"sin ITBIS × 1.18, al peso",65.66,
Snacks,721282402770,RUFFLES CARNE ASADA CS,721282402770,código,33.89,40.00,"sin ITBIS × 1.18, al peso",24.80,
Snacks,721282402787,RUFFLES CHEDDAR CS,721282402787,código,34.05,40.00,"sin ITBIS × 1.18, al peso",24.80,
Snacks,7460496805627,RUFFLES XTRA CRUNCH DR CS,7460496805627,código,34.05,40.00,"sin ITBIS × 1.18, al peso",21.02,
Snacks,757528048075,TAKIS FUEGO MEDIANO,757528048075,código,127.12,150.00,"sin ITBIS × 1.18, al peso",40.76,
Snacks,757528048532,TAKIS FUEGO PEQUEÑO,757528048532,código,50.85,60.00,"sin ITBIS × 1.18, al peso",40.76,
Snacks,154545845,TAQUERITOS CHILE TOREADO,154545845,código,46.77,55.00,"sin ITBIS × 1.18, al peso",16.67,
Snacks,750894609505,TAQUERITOS CHILE TOREADO GRANDE,750894609505,código,110.17,130.00,"sin ITBIS × 1.18, al peso",88.00,
Snacks,750894612550,TAQUERITOS CHILE TOREADO PEQ,750894612550,código,33.90,40.00,"sin ITBIS × 1.18, al peso",20.83,
Snacks,750894613212,TAQUERITOS DRAGON FUEGO GRANDE,750894613212,código,110.17,130.00,"sin ITBIS × 1.18, al peso",88.13,
Snacks,750894613236,TAQUERITOS DRAGON HIELO PEQ,750894613236,código,33.90,40.00,"sin ITBIS × 1.18, al peso",16.67,
Snacks,1185,TAQUERITOS QUESO FUSION 34G,1185,código,27.34,32.00,"sin ITBIS × 1.18, al peso",16.66,
Snacks,1094,TOSTONES MADURITO RIPE,1094,código,169.49,200.00,"sin ITBIS × 1.18, al peso",135.59,
Snacks,014113911856,WONDERFUL PISTACHIOS,014113911856,código,55.09,65.00,"sin ITBIS × 1.18, al peso",52.29,
Snacks,750894671007,YUMMI NUTS MANI CON LIMON GRANDE,750894671007,código,50.85,60.00,"sin ITBIS × 1.18, al peso",39.16,
Snacks,750894671151,YUMMI NUTS MANI JAPONES,750894671151,código,25.42,30.00,"sin ITBIS × 1.18, al peso",12.50,
Snacks,750894671458,YUMMI NUTS MANI JAPONES CHILE,750894671458,código,25.42,30.00,"sin ITBIS × 1.18, al peso",12.50,
Snacks,110000100434,YUMMI NUTS MANI LIMON,110000100434,código,25.42,30.00,"sin ITBIS × 1.18, al peso",8.33,
Snacks,110000100432,YUMMI NUTS MANI SAL,110000100432,código,25.42,30.00,"sin ITBIS × 1.18, al peso",8.33,
Snacks,750894671229,"YUMMI NUTS MIX DE ALMENDRAS, MARAÑON, M",750894671229,código,21.34,25.00,"sin ITBIS × 1.18, al peso",12.50,
Snacks,1172,YUMMI NUTS MIX SEMILLAS FRUTAS,1172,código,25.42,30.00,"sin ITBIS × 1.18, al peso",12.50,
Snacks,750894671243,YUMMI OMEGA MIX MANI GRANDE,750894671243,código,228.81,270.00,"sin ITBIS × 1.18, al peso",191.67,
Snacks,750894612215,YUMMI POPS NACHO JALAPEÑO PEQ,750894612215,código,33.90,40.00,"sin ITBIS × 1.18, al peso",20.84,
Snacks,750894614059,YUMMI POPS PALOMITAS DRA PEQ,750894614059,código,33.90,40.00,"sin ITBIS × 1.18, al peso",16.67,
Snacks,750894611645,YUMMIPOP QUESO PEQ.,750894611645,código,33.90,40.00,"sin ITBIS × 1.18, al peso",16.67,
Snacks,1184,ZAMBOS PICOSITOS FAM 24,1184,código,117.19,138.00,"sin ITBIS × 1.18, al peso",100.18,
Snacks,750894610822,ZAMBOS PLATANO CEVICHE GRANDE,750894610822,código,127.12,150.00,"sin ITBIS × 1.18, al peso",100.18,
Snacks,750894610709,ZAMBOS PLATANO CEVICHE PEQ.,750894610709,código,33.90,40.00,"sin ITBIS × 1.18, al peso",20.83,
Snacks,750894607181,ZAMBOS PLATANO MADURITO GRANDE,750894607181,código,127.12,150.00,"sin ITBIS × 1.18, al peso",100.18,
Snacks,750894602131,ZAMBOS PLATANO MADURITO PEQ.,750894602131,código,33.90,40.00,"sin ITBIS × 1.18, al peso",20.83,
Snacks,750894602780,ZAMBOS PLATANO ORIGINAL GRANDE,750894602780,código,127.12,150.00,"sin ITBIS × 1.18, al peso",100.18,
Snacks,750894602988,ZAMBOS PLATANO ORIGINAL PEQ.,750894602988,código,33.90,40.00,"sin ITBIS × 1.18, al peso",20.83,
Snacks,750894613571,ZAMBOS PLATANO TAJIN PEQ,750894613571,código,33.90,40.00,"sin ITBIS × 1.18, al peso",20.83,
Snacks,750894614097,ZAMBOS YUQUITA AJO PARMESANO GRANDE,750894614097,código,127.12,150.00,"sin ITBIS × 1.18, al peso",100.18,
Snacks,750894614103,ZAMBOS YUQUITA AJO PARMESANO PEQ,750894614103,código,33.90,40.00,"sin ITBIS × 1.18, al peso",20.83,
Snacks,1164,ZIBAS PAPA CHILETOREADO PEQ,1164,código,33.90,40.00,"sin ITBIS × 1.18, al peso",20.83,
Snacks,750894606719,ZIBAS PAPA CLASICAS PEQ.,750894606719,código,33.90,40.00,"sin ITBIS × 1.18, al peso",20.83,
Snacks,750894611805,ZIBAS PAPA CREMA / ESPECIAS PEQ.,750894611805,código,33.90,40.00,"sin ITBIS × 1.18, al peso",20.83,
Snacks,1222,ZIBAS PAPA JALAPEÑA PEQ,1222,código,33.90,40.00,"sin ITBIS × 1.18, al peso",20.83,
Snacks,750894611812,ZIBAS PAPA MIEL MOSTAZA PEQ,750894611812,código,33.90,40.00,"sin ITBIS × 1.18, al peso",20.83,
Snacks,750894611799,ZIBAS PAPA QUESO PEQ,750894611799,código,33.90,40.00,"sin ITBIS × 1.18, al peso",20.83,
Galletas y repostería,7441136201641,ALL INKLUSIVE BARRA CEREAL CON PASA,7441136201641,código,33.90,40.00,"sin ITBIS × 1.18, al peso",24.06,
Galletas y repostería,016000264694,BARRAS NATURE VALLEY,016000264694,código,63.56,75.00,"sin ITBIS × 1.18, al peso",33.00,
Galletas y repostería,016000439894,BARRAS NATURE VALLEY CHEWY FRUIT NUT,016000439894,código,63.56,75.00,"sin ITBIS × 1.18, al peso",13.56,
Galletas y repostería,6223005595812,BISKO TAW,6223005595812,código,21.19,25.00,"sin ITBIS × 1.18, al peso",10.83,
Galletas y repostería,110000100526,BIZCOCHO CON PASAS MUFFIN,110000100526,código,80.67,95.00,"sin ITBIS × 1.18, al peso",,
Galletas y repostería,110000100525,BIZCOCHO DE CHOCOLATE MUFFIN,110000100525,código,106.09,125.00,"sin ITBIS × 1.18, al peso",,
Galletas y repostería,110000100462,BROWNIES BIZCOCHO,110000100462,código,127.28,150.00,"sin ITBIS × 1.18, al peso",,
Galletas y repostería,653981779009,BROWNIES TIOLA,653981779009,código,46.77,55.00,"sin ITBIS × 1.18, al peso",40.00,
Galletas y repostería,110000100641,CAPACILLOS DE VAINILLA,110000100641,código,42.38,50.00,"sin ITBIS × 1.18, al peso",23.75,
Galletas y repostería,7591039504957,CHOCOLATE FLIPS,7591039504957,código,46.77,55.00,"sin ITBIS × 1.18, al peso",37.00,
Galletas y repostería,7500478002580,CHOKIS BLACK,7500478002580,código,55.08,65.00,"sin ITBIS × 1.18, al peso",42.04,
Galletas y repostería,721282410102,CHOKIS CHOCOBASE CAM,721282410102,código,59.32,70.00,"sin ITBIS × 1.18, al peso",49.56,
Galletas y repostería,7500478008926,CHOKIS CLASICA,7500478008926,código,59.32,70.00,"sin ITBIS × 1.18, al peso",49.61,
Galletas y repostería,721282410560,CHOKIS CLASICA CAM PEQUEÑA,721282410560,código,29.66,35.00,"sin ITBIS × 1.18, al peso",24.80,
Galletas y repostería,7500478001200,CHOKIS MIX CHOCOLATE,7500478001200,código,59.32,70.00,"sin ITBIS × 1.18, al peso",49.61,
Galletas y repostería,7501000604685,CHOKIS RELLENA,7501000604685,código,59.32,70.00,"sin ITBIS × 1.18, al peso",49.61,
Galletas y repostería,013087803204,CINNAMON ROLL,013087803204,código,93.38,110.00,"sin ITBIS × 1.18, al peso",83.92,
Galletas y repostería,764090052850,CRACHI MAS MAS ROCKY,764090052850,código,21.19,25.00,"sin ITBIS × 1.18, al peso",13.67,
Galletas y repostería,7500478027118,CRACKETS MINISW CAM,7500478027118,código,50.85,60.00,"sin ITBIS × 1.18, al peso",41.30,
Galletas y repostería,110000100708,CROISSANT CHOCOLATE,110000100708,código,105.94,125.00,"sin ITBIS × 1.18, al peso",,
Galletas y repostería,110000100709,CROISSANT INTEGRAL,110000100709,código,93.23,110.00,"sin ITBIS × 1.18, al peso",,
Galletas y repostería,110000100589,CROISSANT PLAIN PQ,110000100589,código,84.75,100.00,"sin ITBIS × 1.18, al peso",37.80,
Galletas y repostería,110000100278,CROSTATA DE CANELA FIORA,110000100278,código,127.28,150.00,"sin ITBIS × 1.18, al peso",120.00,
Galletas y repostería,110000100279,CROSTATA DE GUAYABA FIORA,110000100279,código,127.28,150.00,"sin ITBIS × 1.18, al peso",120.00,
Galletas y repostería,753079000418,DINO CHOCOLATE,753079000418,código,21.34,25.00,"sin ITBIS × 1.18, al peso",11.00,
Galletas y repostería,753079000456,DINO FRESA,753079000456,código,21.34,25.00,"sin ITBIS × 1.18, al peso",11.00,
Galletas y repostería,753079000470,DINO VAINILLA,753079000470,código,21.34,25.00,"sin ITBIS × 1.18, al peso",11.00,
Galletas y repostería,110000100340,DONAS,110000100340,código,84.90,100.00,"sin ITBIS × 1.18, al peso",,
Galletas y repostería,7500478013609,EMPERADOR CHOCOLATE BEE CAM,7500478013609,código,50.84,60.00,"sin ITBIS × 1.18, al peso",41.30,
Galletas y repostería,7500478012398,EMPERADOR CHOCOLATE BEE CAM PEQUEÑA,7500478012398,código,29.66,35.00,"sin ITBIS × 1.18, al peso",19.33,
Galletas y repostería,7500478013616,EMPERADOR VAINILLA CAM,7500478013616,código,50.85,60.00,"sin ITBIS × 1.18, al peso",41.30,
Galletas y repostería,7500478012404,EMPERADOR VAINILLA CS PEQUEÑA,7500478012404,código,29.66,35.00,"sin ITBIS × 1.18, al peso",19.33,
Galletas y repostería,7501000601745,FLORENTINA DULCE DE LECHE CAJETA,7501000601745,código,55.08,65.00,"sin ITBIS × 1.18, al peso",49.61,
Galletas y repostería,7501000601738,FLORENTINAS FRESA,7501000601738,código,59.32,70.00,"sin ITBIS × 1.18, al peso",49.61,
Galletas y repostería,7501000634118,GALLETA AVENA QUAKER DE ALMEN/GRANOLA DR,7501000634118,código,38.14,45.00,"sin ITBIS × 1.18, al peso",28.92,
Galletas y repostería,7501000634132,GALLETA AVENA QUAKER FRESA ROJAS,7501000634132,código,38.14,45.00,"sin ITBIS × 1.18, al peso",28.92,
Galletas y repostería,7501000634125,GALLETA AVENA QUAKER MANZANA CANELA VER,7501000634125,código,38.14,45.00,"sin ITBIS × 1.18, al peso",28.92,
Galletas y repostería,110000100639,GALLETA DE CHOCOLATE,110000100639,código,21.19,25.00,"sin ITBIS × 1.18, al peso",38.82,vende por DEBAJO del costo
Galletas y repostería,647697659069,GALLETA DE COCO MARTIN MEDIANA,647697659069,código,51.00,60.00,"sin ITBIS × 1.18, al peso",29.50,
Galletas y repostería,110000100291,GALLETA JENGIBRE GRANDE,110000100291,código,148.47,175.00,"sin ITBIS × 1.18, al peso",125.00,
Galletas y repostería,110000100269,GALLETA JOLIE FRESH CHOCOLATE CHIP,110000100269,código,169.65,200.00,"sin ITBIS × 1.18, al peso",155.00,
Galletas y repostería,787692834624,GALLETA LENNY AND LARRYS GRANDE OATMEAL,787692834624,código,182.21,215.00,"sin ITBIS × 1.18, al peso",139.15,
Galletas y repostería,044000020071,GALLETA MINI CHIPS AHOY,044000020071,código,42.37,50.00,"sin ITBIS × 1.18, al peso",36.25,
Galletas y repostería,044000020170,GALLETA MINI OREO,044000020170,código,42.37,50.00,"sin ITBIS × 1.18, al peso",36.25,
Galletas y repostería,044000020187,GALLETA NUTTER BUTTER BITES,044000020187,código,42.37,50.00,"sin ITBIS × 1.18, al peso",36.25,
Galletas y repostería,110000100723,GALLETA RICURITA TIOLA,110000100723,código,67.80,80.00,"sin ITBIS × 1.18, al peso",41.30,
Galletas y repostería,044000020255,GALLETA RITZ BITS CHEESE,044000020255,código,38.14,45.00,"sin ITBIS × 1.18, al peso",36.25,
Galletas y repostería,044000020361,GALLETA TEDDY GRAHAMS,044000020361,código,42.37,50.00,"sin ITBIS × 1.18, al peso",36.25,
Galletas y repostería,1085,GALLETAS BUTTER,1085,código,15.00,15.00,ya es precio final (tal cual),7.81,
Galletas y repostería,044000043148,GALLETAS CHIPS AHOY,044000043148,código,59.33,70.00,"sin ITBIS × 1.18, al peso",43.30,
Galletas y repostería,7466564881142,GALLETAS CON SUSPIRO GRANDE,7466564881142,código,148.47,175.00,"sin ITBIS × 1.18, al peso",135.00,
Galletas y repostería,1135,GALLETAS CUQUI AVENA CON COCO,1135,código,50.00,50.00,ya es precio final (tal cual),30.00,
Galletas y repostería,1136,GALLETAS CUQUI CHOCOLOSCHI,1136,código,50.00,50.00,ya es precio final (tal cual),30.00,
Galletas y repostería,1133,GALLETAS CUQUI SALUDABLE VAINILLA,1133,código,50.00,50.00,ya es precio final (tal cual),30.00,
Galletas y repostería,110000100612,GALLETAS DE AVENA,110000100612,código,21.19,25.00,"sin ITBIS × 1.18, al peso",18.33,
Galletas y repostería,653981779023,GALLETAS DE AVENA TIOLA,653981779023,código,42.53,50.00,"sin ITBIS × 1.18, al peso",35.00,
Galletas y repostería,110000100294,GALLETAS DE COCO MARTIN PEQUEÑA,110000100294,código,42.53,50.00,"sin ITBIS × 1.18, al peso",20.00,
Galletas y repostería,014100077602,GALLETAS GOLDFISH CHEDDAR,014100077602,código,42.54,50.00,"sin ITBIS × 1.18, al peso",28.24,
Galletas y repostería,110000100295,GALLETAS JENGIBRE MEDIANA,110000100295,código,106.09,125.00,"sin ITBIS × 1.18, al peso",80.00,
Galletas y repostería,110000100296,GALLETAS JENGIBRE PEQUEÑA,110000100296,código,42.53,50.00,"sin ITBIS × 1.18, al peso",20.00,
Galletas y repostería,027800072723,GALLETAS KEEBLER CHIPS DELUXE,027800072723,código,55.24,65.00,"sin ITBIS × 1.18, al peso",41.67,
Galletas y repostería,110000100297,GALLETAS MARTIN COCO PEQUEÑAS,110000100297,código,51.00,60.00,"sin ITBIS × 1.18, al peso",29.67,
Galletas y repostería,1086,GALLETAS MINI M Y M,1086,código,96.00,113.00,"sin ITBIS × 1.18, al peso",75.00,
Galletas y repostería,044000011703,GALLETAS MINI OREO CHOCOLATE,044000011703,código,42.37,50.00,"sin ITBIS × 1.18, al peso",28.81,
Galletas y repostería,044000061494,GALLETAS MINI OREO GOLDEN,044000061494,código,42.37,50.00,"sin ITBIS × 1.18, al peso",28.81,
Galletas y repostería,7462226554010,GALLETAS NAPOLITANAS,7462226554010,código,42.53,50.00,"sin ITBIS × 1.18, al peso",35.40,
Galletas y repostería,044000047009,GALLETAS OREO 6 GALLETAS,044000047009,código,59.39,70.00,"sin ITBIS × 1.18, al peso",35.00,
Galletas y repostería,7590011251100,GALLETAS OREO PEQUEÑA,7590011251100,código,42.38,50.00,"sin ITBIS × 1.18, al peso",31.67,
Galletas y repostería,1084,GALLETAS PRINCESA,1084,código,15.00,15.00,ya es precio final (tal cual),7.81,
Galletas y repostería,1101,GALLETAS PRINCESAS CLUB CRACKERS,1101,código,,,sin precio en la lista,,
Galletas y repostería,7466564881159,GALLETAS SUSPIRO MEDIANA,7466564881159,código,127.28,150.00,"sin ITBIS × 1.18, al peso",80.00,
Galletas y repostería,7460602201138,GALLETAS SUSPIRO PEQUEÑO MARTIN,7460602201138,código,46.77,55.00,"sin ITBIS × 1.18, al peso",20.00,
Galletas y repostería,110000100302,GOLDFISH CHEDDAR,110000100302,código,42.37,50.00,"sin ITBIS × 1.18, al peso",27.54,
Galletas y repostería,110000100521,JUAN BIZCOCHO,110000100521,código,80.67,95.00,"sin ITBIS × 1.18, al peso",60.00,
Galletas y repostería,038000219856,KELLOGGS APPLE JACKS,038000219856,código,42.37,50.00,"sin ITBIS × 1.18, al peso",33.00,
Galletas y repostería,038000219528,KELLOGGS COCOA KRISPIES,038000219528,código,42.37,50.00,"sin ITBIS × 1.18, al peso",33.00,
Galletas y repostería,038000219740,KELLOGGS FROOT LOOPS,038000219740,código,42.37,50.00,"sin ITBIS × 1.18, al peso",33.00,
Galletas y repostería,038000219634,KELLOGGS FROSTED FLAKES,038000219634,código,38.14,45.00,"sin ITBIS × 1.18, al peso",33.00,
Galletas y repostería,038000219474,KELLOGGS POPS,038000219474,código,42.37,50.00,"sin ITBIS × 1.18, al peso",33.00,
Galletas y repostería,9661931395,KIRKLAND CHOCOLATE SOFT & CHEWY,9661931395,código,29.66,35.00,"sin ITBIS × 1.18, al peso",20.15,
Galletas y repostería,7501000636921,MAMUT 30G,7501000636921,código,25.42,30.00,"sin ITBIS × 1.18, al peso",19.33,
Galletas y repostería,1091,MINI ANGELITOS,1091,código,25.00,25.00,ya es precio final (tal cual),7.70,
Galletas y repostería,7501000610228,MINI CHOKIS,7501000610228,código,50.84,60.00,"sin ITBIS × 1.18, al peso",41.30,
Galletas y repostería,7467515320048,MISSCOOKIE CLASICA,7467515320048,código,39.06,46.00,"sin ITBIS × 1.18, al peso",35.00,
Galletas y repostería,1115,MISSCOOKIE CLASICA COCO,1115,código,39.06,46.00,"sin ITBIS × 1.18, al peso",35.00,
Galletas y repostería,7467515320079,MISSCOOKIE CLASICA JENJIBRE,7467515320079,código,39.06,46.00,"sin ITBIS × 1.18, al peso",35.00,
Galletas y repostería,013087047004,MUFFIN ARANDANOS BLUEBERRY,013087047004,código,93.38,110.00,"sin ITBIS × 1.18, al peso",83.34,
Galletas y repostería,013087047059,MUFFIN BANANA NUT,013087047059,código,93.38,110.00,"sin ITBIS × 1.18, al peso",83.34,
Galletas y repostería,110000100640,MUFFINS VARIADOS,110000100640,código,42.38,50.00,"sin ITBIS × 1.18, al peso",19.18,
Galletas y repostería,812820020447,MY MOTTO CRISPY WAFER,812820020447,código,38.29,45.00,"sin ITBIS × 1.18, al peso",,
Galletas y repostería,016000507661,NATURE VALLEY PROTEIN,016000507661,código,63.56,75.00,"sin ITBIS × 1.18, al peso",51.53,
Galletas y repostería,038000357213,NUTRI GRAIN BLUEBERRY,038000357213,código,42.38,50.00,"sin ITBIS × 1.18, al peso",20.91,
Galletas y repostería,038000359217,NUTRI GRAIN FRESA,038000359217,código,42.38,50.00,"sin ITBIS × 1.18, al peso",24.67,
Galletas y repostería,038000356216,NUTRI GRAIN MANZANA,038000356216,código,42.38,50.00,"sin ITBIS × 1.18, al peso",20.91,
Galletas y repostería,7466762939041,PIRULIN,7466762939041,código,34.05,40.00,"sin ITBIS × 1.18, al peso",24.43,
Galletas y repostería,7466762939959,PIRULIN LATA GRANDE,7466762939959,código,377.29,445.00,"sin ITBIS × 1.18, al peso",286.74,
Galletas y repostería,7466762939010,PIRULIN LATA PEQUEÑO,7466762939010,código,220.50,260.00,"sin ITBIS × 1.18, al peso",108.76,
Galletas y repostería,110000100647,RIP VAN WAFELS VARIEDAD,110000100647,código,139.84,165.00,"sin ITBIS × 1.18, al peso",98.24,
Galletas y repostería,810291007158,TATES BAKE SHOP CHOCOLATE CHIP COOKIES,810291007158,código,169.50,200.00,"sin ITBIS × 1.18, al peso",150.00,
Galletas y repostería,1093,TAW TAW,1093,código,21.19,25.00,"sin ITBIS × 1.18, al peso",12.29,
Galletas y repostería,110000100270,VASO JOLIE FRESH CHOCOLATE CHIP,110000100270,código,212.03,250.00,"sin ITBIS × 1.18, al peso",210.00,
Chocolates y dulces,073390002022,AIR HEADS,073390002022,código,21.19,25.00,"sin ITBIS × 1.18, al peso",5.82,
Chocolates y dulces,110000100678,BABY BOTTLE POP,110000100678,código,84.75,100.00,"sin ITBIS × 1.18, al peso",68.75,
Chocolates y dulces,7591016851135,CHOCOLATE CON LECHE,7591016851135,código,76.28,90.00,"sin ITBIS × 1.18, al peso",67.92,
Chocolates y dulces,03424607,CHOCOLATE KITKAT,03424607,código,51.00,60.00,"sin ITBIS × 1.18, al peso",39.10,
Chocolates y dulces,040000000327,CHOCOLATE M&M AMARILLO,040000000327,código,114.41,135.00,"sin ITBIS × 1.18, al peso",64.50,
Chocolates y dulces,040000000310,CHOCOLATE M&M MARRON,040000000310,código,114.41,135.00,"sin ITBIS × 1.18, al peso",64.50,
Chocolates y dulces,040000001447,CHOCOLATE M&M ROJO,040000001447,código,114.41,135.00,"sin ITBIS × 1.18, al peso",94.17,
Chocolates y dulces,040000602040,CHOCOLATE MILKYWAY,040000602040,código,84.74,100.00,"sin ITBIS × 1.18, al peso",62.00,
Chocolates y dulces,040000514206,CHOCOLATE TWIX,040000514206,código,67.95,80.00,"sin ITBIS × 1.18, al peso",61.00,
Chocolates y dulces,040000004356,CHOCOLATE TWIX 2 COOKIE BARS,040000004356,código,76.27,90.00,"sin ITBIS × 1.18, al peso",63.10,
Chocolates y dulces,1202,COQUITO,1202,código,21.18,25.00,"sin ITBIS × 1.18, al peso",,
Chocolates y dulces,7591016851555,CRICRI,7591016851555,código,76.28,90.00,"sin ITBIS × 1.18, al peso",67.92,
Chocolates y dulces,7592396004975,DULCE DE LECHE NATULAC,7592396004975,código,67.80,80.00,"sin ITBIS × 1.18, al peso",48.77,
Chocolates y dulces,034856008187,GOMITAS WELCH PEQUEÑAS,034856008187,código,42.37,50.00,"sin ITBIS × 1.18, al peso",16.29,
Chocolates y dulces,110000100353,HERSHEYS,110000100353,código,59.48,70.00,"sin ITBIS × 1.18, al peso",58.50,
Chocolates y dulces,096265191911,KINDER BUENO,096265191911,código,93.38,110.00,"sin ITBIS × 1.18, al peso",,
Chocolates y dulces,00985234,KINDER JOY,00985234,código,105.93,125.00,"sin ITBIS × 1.18, al peso",90.00,
Chocolates y dulces,854929006557,LENGUITAS SOUR BELTS,854929006557,código,17.10,20.00,"sin ITBIS × 1.18, al peso",6.51,
Chocolates y dulces,110000100241,M&M'S MINI,110000100241,código,76.43,90.00,"sin ITBIS × 1.18, al peso",65.00,
Chocolates y dulces,75068271,MENTOS AZULES,75068271,código,42.38,50.00,"sin ITBIS × 1.18, al peso",35.35,
Chocolates y dulces,75068318,MENTOS DE FRUTAS,75068318,código,42.38,50.00,"sin ITBIS × 1.18, al peso",35.35,
Chocolates y dulces,110000100675,NUCITA CREMA CON AVELLANAS,110000100675,código,21.19,25.00,"sin ITBIS × 1.18, al peso",6.78,
Chocolates y dulces,041116005343,PUSHPOP,041116005343,código,76.27,90.00,"sin ITBIS × 1.18, al peso",56.25,
Chocolates y dulces,110000100238,RING POP,110000100238,código,50.84,60.00,"sin ITBIS × 1.18, al peso",26.75,
Chocolates y dulces,040000001638,SKITTLES AZULES,040000001638,código,93.22,110.00,"sin ITBIS × 1.18, al peso",75.27,
Chocolates y dulces,1241,SKITTLES DULCE,1241,código,21.19,25.00,"sin ITBIS × 1.18, al peso",19.73,
Chocolates y dulces,040000001621,SKITTLES MORADOS,040000001621,código,93.22,110.00,"sin ITBIS × 1.18, al peso",75.27,
Chocolates y dulces,040000001607,SKITTLES ROJOS,040000001607,código,93.22,110.00,"sin ITBIS × 1.18, al peso",75.27,
Chocolates y dulces,040000514251,SNICKERS,040000514251,código,84.74,100.00,"sin ITBIS × 1.18, al peso",55.83,
Chocolates y dulces,040000000518,STARBURST,040000000518,código,93.22,110.00,"sin ITBIS × 1.18, al peso",75.27,
Chocolates y dulces,009800007615,TIC TAC FRESH MINT,009800007615,código,106.09,125.00,"sin ITBIS × 1.18, al peso",83.72,
Chocolates y dulces,034856028925,WELCHS FRUIT SNACKS BERRIES'N CHERRIES,034856028925,código,72.19,85.00,"sin ITBIS × 1.18, al peso",58.02,
Chocolates y dulces,034856028918,WELCHS FRUIT SNACKS ISLAND FRUITS,034856028918,código,72.19,85.00,"sin ITBIS × 1.18, al peso",58.02,
Chocolates y dulces,034856028987,WELCHS FRUIT SNACKS MIXED FRUIT,034856028987,código,72.19,85.00,"sin ITBIS × 1.18, al peso",58.02,
Helados y paletas,110000100714,BLUE RIBBON CLASSIC VANILLA SANDWICH IC,110000100714,código,59.33,70.00,"sin ITBIS × 1.18, al peso",27.50,
Helados y paletas,1250,COPA BON CHOCOLATE PRISCILLA,7468162827980,nombre,105.93,125.00,"sin ITBIS × 1.18, al peso",,
Helados y paletas,1140,COPA CHOCOLATE PRISCILA,1140,código,101.69,120.00,"sin ITBIS × 1.18, al peso",83.33,
Helados y paletas,1139,COPA DE FRESA BON,7468162820615,nombre,105.93,125.00,"sin ITBIS × 1.18, al peso",83.33,
Helados y paletas,3415583272282,HELADO DAZS DE DULCE DE LECHE,3415583272282,código,300.85,355.00,"sin ITBIS × 1.18, al peso",166.10,
Helados y paletas,3415581312287,HELADO DAZS STRAWBERRY,3415581312287,código,300.86,355.00,"sin ITBIS × 1.18, al peso",166.10,
Helados y paletas,3415581311280,HELADO DAZS VAINILLA,3415581311280,código,300.85,355.00,"sin ITBIS × 1.18, al peso",166.10,
Helados y paletas,1038,HELADO DE CHINOLA,1038,código,84.75,100.00,"sin ITBIS × 1.18, al peso",70.80,
Helados y paletas,1041,HELADO DE CHINOLA LECHE CONDENSADA,1041,código,84.75,100.00,"sin ITBIS × 1.18, al peso",70.80,
Helados y paletas,1043,HELADO DE CHOCOLATE DULCE DE LECHE,1043,código,84.75,100.00,"sin ITBIS × 1.18, al peso",60.00,
Helados y paletas,1039,HELADO DE COCO CREMOSO,1039,código,84.75,100.00,"sin ITBIS × 1.18, al peso",70.80,
Helados y paletas,1042,HELADO DE COCO DULCE DE LECHE,1042,código,84.75,100.00,"sin ITBIS × 1.18, al peso",60.00,
Helados y paletas,1044,HELADO DE DULCE DE LECHE OREO,1044,código,84.75,100.00,"sin ITBIS × 1.18, al peso",60.00,
Helados y paletas,1037,HELADO DE FRESA,1037,código,84.75,100.00,"sin ITBIS × 1.18, al peso",64.90,
Helados y paletas,1040,HELADO DE FRESA LECHE CONDENSADA,1040,código,84.75,100.00,"sin ITBIS × 1.18, al peso",70.80,
Helados y paletas,1067,HELADO DE FRESA NUTELLA,1067,código,84.75,100.00,"sin ITBIS × 1.18, al peso",70.80,
Helados y paletas,1036,HELADO DE MANGO,1036,código,84.75,100.00,"sin ITBIS × 1.18, al peso",60.00,
Helados y paletas,1035,HELADO DE TAMARINDO,1035,código,84.75,100.00,"sin ITBIS × 1.18, al peso",60.00,
Helados y paletas,110000100671,ICE POPS NIEVE DE FRUTAS,110000100671,código,21.19,25.00,"sin ITBIS × 1.18, al peso",8.85,
Helados y paletas,1068,MINI MAGNUM,1068,código,101.69,120.00,"sin ITBIS × 1.18, al peso",80.83,
Helados y paletas,7506306417571,MORDISKO,7506306417571,código,93.22,110.00,"sin ITBIS × 1.18, al peso",54.72,
Helados y paletas,1142,PALETA CHOCO CHOCO,1142,código,84.75,100.00,"sin ITBIS × 1.18, al peso",56.62,
Helados y paletas,1143,PALETA CHOCO CREMA,7468162802321,nombre,72.03,85.00,"sin ITBIS × 1.18, al peso",56.62,
Helados y paletas,3415587404054,PALETA DAZS CHOCOLATE,3415587404054,código,214.84,254.00,"sin ITBIS × 1.18, al peso",128.81,
Helados y paletas,3415587422058,PALETA DAZS SALTED CARAMEL,3415587422058,código,233.05,275.00,"sin ITBIS × 1.18, al peso",128.81,
Helados y paletas,3415587405051,PALETA DAZS STRAWBERRIES & CREAM,3415587405051,código,233.06,275.00,"sin ITBIS × 1.18, al peso",128.81,
Helados y paletas,1247,PALETA DE CHERRY,7468162813501,nombre,29.66,35.00,"sin ITBIS × 1.18, al peso",23.31,
Helados y paletas,1246,PALETA DE FRAMBUESA,7468162810944,nombre,29.66,35.00,"sin ITBIS × 1.18, al peso",23.31,
Helados y paletas,1249,PALETA DE FRESA 85G,7468162811019,nombre,63.56,75.00,"sin ITBIS × 1.18, al peso",49.97,
Helados y paletas,1248,PALETA DE FRESA CREMA,7468162813013,nombre,63.56,75.00,"sin ITBIS × 1.18, al peso",49.97,
Helados y paletas,1245,PALETA DE MANZANA,7468162810968,nombre,29.66,35.00,"sin ITBIS × 1.18, al peso",23.31,
Helados y paletas,1244,PALETA DE UVA,7468162810951,nombre,29.66,35.00,"sin ITBIS × 1.18, al peso",23.31,
Helados y paletas,1141,PALETA MAGNUM ALMENDRAS 90ML,7506306415775,nombre,135.59,160.00,"sin ITBIS × 1.18, al peso",108.33,
Helados y paletas,1251,PALETA MAGNUM COOKIE REMIX 85 ML,7506306418066,nombre,135.59,160.00,"sin ITBIS × 1.18, al peso",,
Helados y paletas,1138,SANDWICH BON VAINILLA,7468162813846,nombre,93.22,110.00,"sin ITBIS × 1.18, al peso",78.15,
Servicios de bar,1015,DESCORCHE NORMAL,1015,código,550.85,650.00,"sin ITBIS × 1.18, al peso",,
Servicios de bar,1240,DESCORCHE PREMIUM,1240,código,847.46,1000.00,"sin ITBIS × 1.18, al peso",,
Servicios de bar,110000100349,FUNDA DE HIELO,110000100349,código,63.56,75.00,"sin ITBIS × 1.18, al peso",35.00,
Servicios de bar,110000100341,VASO CON HIELO,110000100341,código,8.47,10.00,"sin ITBIS × 1.18, al peso",,
Servicios de bar,1016,VASO CON HIELO GRANDE,1016,código,25.42,30.00,"sin ITBIS × 1.18, al peso",,
