codigo,descripcion,unidad,referencia,precio_rd,departamento_codigo,departamento
7464467800192,PRUEBA CODIGO DE BARRAS,UN,,,,ARTICULOS SIN DEPARTAMENTO ASIGNADO
01264904,FRAPPUCINNO MOCHA,UD,,211.88,01,CERVEZAS
016571910303,SPARKLING ICE BLACK RASPBERRY,UD,,148.32,01,CERVEZAS
016571910310,SPARKLING ICE ORANGE MANGO,UD,,148.32,01,CERVEZAS
016571910327,SPARKLING ICE KIWI STRAWBERRY,UD,,148.32,01,CERVEZAS
016571910372,SPARKLING ICE PINK GRAPEFRUIT,UD,,148.32,01,CERVEZAS
016571911256,SPARKLING ICE LEMON LIME,UD,,148.32,01,CERVEZAS
016571940331,SPARKLING ICE COCONUT PINNEAPPLE,UD,,148.32,01,CERVEZAS
016571940355,SPARKLING ICE CLASSIC LEMONADE,UD,,148.32,01,CERVEZAS
016571950293,SPARKLING ICE STRAWBERRY LEMONADE,UD,,148.32,01,CERVEZAS
016571950842,SPARKLING ICE CHERRY LIMEADE,UD,,148.32,01,CERVEZAS
016571950859,SPARKLING ICE STRAWBERRY WATERMELON,UD,,148.32,01,CERVEZAS
016571952679,SPARKLING ICE GRAPE RASPBERRY,UD,,148.32,01,CERVEZAS
016571952822,SPARKLING LATA TROPICAL PUNCH,UD,,148.31,01,CERVEZAS
016571952839,SPARKLING LATA STRAWBERRY CITRUS,UD,,148.32,01,CERVEZAS
016571953829,SPARKLING LATA CITRUS TWIST,UD,,148.32,01,CERVEZAS
016571953843,SPARKLING LATA BLUE RASPBERRY,UD,,148.32,01,CERVEZAS
016571953867,SPARKLING LATA BLACK RASPBERRY,UD,,148.32,01,CERVEZAS
016571955144,SPARKLING LATA CHERRY VANILLA,UD,,148.32,01,CERVEZAS
016571957438,SPARKLING LATA WATERMELON LEMONADE,UD,,148.32,01,CERVEZAS
01833225,MICHELOB ULTRA 330 ML,UD,,211.86,01,CERVEZAS
031200008091,OCEAN SPRAY DE ARANDANOS,UD,,93.23,01,CERVEZAS
034100005610,MILLER DE LATA,UD,,152.55,01,CERVEZAS
03456217,CERVEZA MILLER BOTELLA - 12OZ,UD,,211.86,01,CERVEZAS
041116005343,PUSHPOP,UD,,76.27,01,CERVEZAS
07199044,COORS LIGHT BOTELLA,UD,,156.79,01,CERVEZAS
072890004994,HEINEKEN BOTELLA PEQUEÑA 330 ML,UD,,211.86,01,CERVEZAS
072890006196,HEINEKEN BOTELLA SIN ALCOHOL,UD,,211.86,01,CERVEZAS
07811102,CANADA DRY GINGER ALE BLACKBERRY 24/12,UD,,84.74,01,CERVEZAS
07811403,CANADA DRY GINGER ALE LATA 24 /12,UD,,84.74,01,CERVEZAS
082000723844,SMIRNOFF ICE ORIGINAL 355 ML,UD,,211.86,01,CERVEZAS
082000727477,SMIRNOFF ICE GREEN APPLE,UD,,211.86,01,CERVEZAS
08374189,CERVEZA GROLSCH,UD,,296.63,01,CERVEZAS
08780538,COORS LIGHT LATA- 10OZ,UD,,72.19,01,CERVEZAS
08780936,COORS ORIGINAL BANQUET BOTELLA - 12OZ,UD,,211.86,01,CERVEZAS
08787337,CERVEZA BLUE MOON BELGION WHITE,UD,,211.86,01,CERVEZAS
087975003502,CERVEZA SAPPORO NORMAL,UD,,233.22,01,CERVEZAS
087975903550,CERVEZA SAPPORO LIGHT,UD,,233.22,01,CERVEZAS
1015,DESCORCHE NORMAL,UD,,550.85,01,CERVEZAS
1016,VASO CON HIELO GRANDE,UD,,25.42,01,CERVEZAS
1049,BOTELLA LICOR FERNET BRANCA,UD,,2500.00,01,CERVEZAS
1050,TEQUILA DON JULIO REPOSADO,UD,,1.00,01,CERVEZAS
1071,HUACAL,UD,,100.00,01,CERVEZAS
1072,BOTELLAS VACIA,UD,,1.00,01,CERVEZAS
110000100279,CROSTATA DE GUAYABA FIORA,UD,,127.28,01,CERVEZAS
110000100321,LECHE,UD,,42.53,01,CERVEZAS
110000100341,VASO CON HIELO,UD,,8.47,01,CERVEZAS
110000100474,CERVEZA REPUBLICA 5.0 LATA GRANDE,UD,,123.04,01,CERVEZAS
110000100496,BEBIDA APEROL,UD,,339.00,01,CERVEZAS
110000100498,TRAGO VODKA STOLI,UD,,423.75,01,CERVEZAS
110000100561,TRAGO WHISKY JOHONNY NEGRO,UD,,381.38,01,CERVEZAS
110000100582,TRAGO DOBLE RESERVA,UD,,275.44,01,CERVEZAS
110000100619,CERVEZA ENDINGER,UD,,296.63,01,CERVEZAS
110000100647,RIP VAN WAFELS VARIEDAD,UD,,139.84,01,CERVEZAS
110000100653,TRAGO GIN TONIC    BEEFEATER,UD,,381.38,01,CERVEZAS
110000100654,TRAGO PALOMA,UD,,381.38,01,CERVEZAS
110000100655,TRAGO MARGARITA,UD,,360.19,01,CERVEZAS
110000100656,TRAGO MOJITO,UD,,360.19,01,CERVEZAS
110000100662,FROZEN BEBIDA,UD,,152.55,01,CERVEZAS
110000100663,HAMBURGUESA DEL EVENTO,UD,,339.00,01,CERVEZAS
110000100671,ICE POPS NIEVE DE FRUTAS,UD,,21.19,01,CERVEZAS
110000100675,NUCITA CREMA CON AVELLANAS,UD,,21.19,01,CERVEZAS
110000100685,TRAGO DE GIN TANQUERAY,UD,,466.13,01,CERVEZAS
110000100691,TRAGO FERNET,UD,,381.38,01,CERVEZAS
110000100693,TRAGO GIN TONIC BEEFEATER PINK,UD,,381.00,01,CERVEZAS
1215,ALHAMDRA RESERVAS 1925 BOTELLA,UD,,211.86,01,CERVEZAS
1219,OFERTA CERVEZA MICHELOB ULTRA 3X2,UD,,338.98,01,CERVEZAS
1231,CERVEZA PERONI CERO 21/330 ML,UD,,182.20,01,CERVEZAS
1232,SIBONEY 1920 BOTELLA 700 ML,UD,,1525.42,01,CERVEZAS
1240,DESCORCHE PREMIUM,UD,,847.46,01,CERVEZAS
3147690060703,"GIBSON,S LONDON DRY GIN",UD,,1483.05,01,CERVEZAS
3147699118344,"GIBSON,S PINK PREMIUN GIN",UD,,1567.80,01,CERVEZAS
3155930006015,DESPERADO BOTELLA,UD,,211.87,01,CERVEZAS
3263280120470,ESPUMANTE JP CHENET FIZZY ROSE LATA 250,UD,,326.44,01,CERVEZAS
3263285152896,TEQUILA AGAVITA,UD,,1800.00,01,CERVEZAS
4002103248248,CERVEZA ERDINGER WEIBBIER,UD,,296.63,01,CERVEZAS
4002103248323,ERDINGER    PIKANTUS,UD,,254.24,01,CERVEZAS
4014086096303,"5,0 ORIGINAL WEISS BEER",UD,,55.09,01,CERVEZAS
4014086096334,"5,0 ORIGINAL LARGER BEER",UD,,169.50,01,CERVEZAS
4014086096365,"5,0 ORIGINAL PILS BEER",UD,,169.50,01,CERVEZAS
4014086096518,"5,0 ORIGINAL CRAFT BEER",UD,,169.50,01,CERVEZAS
4066600060741,CERVEZA PAULANER WEISSBIER RUBIA 500ML,UD,,233.05,01,CERVEZAS
4066600303336,CERVEZA PAULANER DUNKEL 500 ML,UD,,233.05,01,CERVEZAS
4750021000157,BOTELLA STOLI,UD,,1538.13,01,CERVEZAS
5000291020706,TANQUERA LONDON 750 ML,UD,,1.00,01,CERVEZAS
5000299618073,BOTELLA BEEFEATER PINK STRAWBERRY,UD,,1845.00,01,CERVEZAS
5000329002230,BOTELLA BEEFEATER LONDON,UD,,1845.00,01,CERVEZAS
5011166068020,"WHITLEY NEILL GIN BLUE DISTILLER,S",UD,,2118.64,01,CERVEZAS
5011166081104,WHITLEY NEILL GIN BLOOD ORANGE,UD,,2118.64,01,CERVEZAS
5011166081128,WHITLEY NEILL GIN RHUBARB,UD,,2118.64,01,CERVEZAS
6223005595812,BISKO TAW,UD,,21.19,01,CERVEZAS
635985500018,WHITE CLAW BLACK CHERRY LATA,UD,,169.50,01,CERVEZAS
679065252237,TRIPPING ANIMAL INFINITE BLOOM,UD,,423.73,01,CERVEZAS
744607002301,EL JIMADOR,UD,,,01,CERVEZAS
7451011040289,CARLES TAJADITAS,UD,,55.24,01,CERVEZAS
7451011041132,CARLES YUKITAS PICANTITAS,UD,,55.24,01,CERVEZAS
7451079003554,WINAZORD ULTRA 1 SOBRE,UD,,42.54,01,CERVEZAS
74601325,CERVEZA THE ONE,UD,,110.18,01,CERVEZAS
74601554,PRESIDENTE REGULAR GRANDE,UD,,161.18,01,CERVEZAS
74601561,CERVEZA PRESIDENTE LIGHT GRANDE,UD,,161.18,01,CERVEZAS
7460736904721,ROM MACORIX BLANCO 700ML,UD,,847.46,01,CERVEZAS
7460736960086,BOTELLA LAGRANGE 700ML,UD,,1.00,01,CERVEZAS
74621767,PRESIDENTE REGULAR 12 OZ,UD,,211.86,01,CERVEZAS
74621774,PRESIDENTE LIGHT 12OZ,UD,,211.86,01,CERVEZAS
7462275402812,V8 SPLASH,UD,,89.15,01,CERVEZAS
7463172802996,MODELO RUBIA ESPECIAL 330ML,UD,,211.86,01,CERVEZAS
7463172803665,PRESIDENTE DE LATA LIGHT,UD,,211.86,01,CERVEZAS
7463172803672,PRESIDENTE DE LATA REGULAR,UD,,148.31,01,CERVEZAS
7463172803733,AGUA TONICA ENRIQUILLO,UD,,42.38,01,CERVEZAS
7463172803764,PRESIDENTE BLACK,UD,,169.50,01,CERVEZAS
7465383000307,CANADA DRY SODA 400ML,UD,,55.24,01,CERVEZAS
7500478013616,EMPERADOR VAINILLA CAM,UD,,50.85,01,CERVEZAS
7501000601738,FLORENTINAS FRESA,UD,,59.32,01,CERVEZAS
7501064199141,STELLA ARTOIS 330 ML,UD,,211.86,01,CERVEZAS
7503018819501,OJO DE TIGRE 750ML,UD,,1.00,01,CERVEZAS
7503034941200,CORONA EXTRA 330ML,UD,,211.86,01,CERVEZAS
7503034941217,CORONITA EXTRA,UD,,93.23,01,CERVEZAS
7503044233180,CORONA CERO 355ML,UD,,211.86,01,CERVEZAS
75031589,MODELO NEGRA 330 ML,UD,,211.86,01,CERVEZAS
752245123005,CERVEZA HELLES,UD,,339.15,01,CERVEZAS
7591016851555,CRICRI,UD,,76.28,01,CERVEZAS
785249462429,TRIPPIN ANIMAL LIMONADA ROSADA,UD,,466.13,01,CERVEZAS
790330002323,LECHE CHOCORICA,UD,,29.66,01,CERVEZAS
8000815355250,AGUA PANNA TUSCANY 1 LT,UD,,177.98,01,CERVEZAS
8001968005047,ESPUMANTE CASA BURTI MILLESIMATO,UD,,800.00,01,CERVEZAS
8002230000302,BOTELLA   APEROL,UD,,1590.00,01,CERVEZAS
8002270676819,AGUA SAN PEREGRINO ARANCIATA,UD,,127.13,01,CERVEZAS
8002270696831,AGUA SAN PEREGRINO ARANCIATA ROSSA,UD,,127.13,01,CERVEZAS
8002270726828,AGUA SAN PEREGRINO MELOGRANO,UD,,127.13,01,CERVEZAS
8008440222008,PERONI 330 ML,UD,,254.25,01,CERVEZAS
8410702039628,PROVENTO JAUME SERRA CAVA BRUT,UD,,1186.40,01,CERVEZAS
8410793153135,DAMM LEMON CERVEZA & LIMON,UD,,105.96,01,CERVEZAS
8410793156136,DAMM LEMON LATA,UD,,122.88,01,CERVEZAS
8410793181947,WHERE CERVEZA KELER,UD,,76.43,01,CERVEZAS
8410793282934,ESTRELLA DAMM,UD,,148.32,01,CERVEZAS
8412598004964,CERVEZA 1906 LA MIL NUEVE,UD,,169.50,01,CERVEZAS
8412598005862,CERVEZA 1906 BLACK COUPAGE,UD,,139.83,01,CERVEZAS
8412598005879,CERVEZA 1906 RED VINTAGE,UD,,148.47,01,CERVEZAS
8412598006074,CERVEZA 1906 LA PELIRROJA,UD,,148.47,01,CERVEZAS
8423453915547,CERVEZA REPUBLICA LA TUYA (BOTELLA),UD,,101.69,01,CERVEZAS
024474007068,JUGO PETIT PERA,UD,,42.53,02,JUGOS Y REFRESCOS
024474007174,JUGO PETIT PIÑA,UD,,42.38,02,JUGOS Y REFRESCOS
024474007211,JUGO PETIT DURAZNO,UD,,42.53,02,JUGOS Y REFRESCOS
049000006209,COCA COLA 591ML,UD,,46.61,02,JUGOS Y REFRESCOS
049000057669,COUNTRY CLUB MERENGUE 400ML,UD,,25.58,02,JUGOS Y REFRESCOS
049000057676,COUNTRY CLUB FRAMBUESA 400ML,UD,,25.58,02,JUGOS Y REFRESCOS
049000057683,COUNTRY CLUB UVA 400 ML,UD,,25.58,02,JUGOS Y REFRESCOS
049000057690,SPRITE 400 ML,UD,,25.58,02,JUGOS Y REFRESCOS
049000071993,COCA COLA SIN AZUCAR,UD,,25.58,02,JUGOS Y REFRESCOS
049000547870,COUNTRY CLUB PIÑA,UD,,25.58,02,JUGOS Y REFRESCOS
049000550412,COUNTRY CLUB NARANJA 400 ML,UD,,25.58,02,JUGOS Y REFRESCOS
049000551808,AGUA DASANI PEQUEÑA,UD,,25.00,02,JUGOS Y REFRESCOS
052000050820,GATORLYTE MIXED BERRY,UD,,127.13,02,JUGOS Y REFRESCOS
061314000032,AGUA EVIAN,UD,,114.41,02,JUGOS Y REFRESCOS
070847029106,MONSTER ENERGY,UD,,105.93,02,JUGOS Y REFRESCOS
07811801,CANADA GINGER ALE ZERO,UD,,84.75,02,JUGOS Y REFRESCOS
07844508,CANADA DRY GINGER ALE FRUIT SPLASH,UD,,84.74,02,JUGOS Y REFRESCOS
079298000078,AGUA EVIAN GRANDE,UD,,169.50,02,JUGOS Y REFRESCOS
090478410012,JARRITOS MANDARINA,UD,,123.04,02,JUGOS Y REFRESCOS
090478410029,JARRITOS TAMARINDO,UD,,123.04,02,JUGOS Y REFRESCOS
090478410036,JARRITOS FRUIT PUNCH,UD,,123.04,02,JUGOS Y REFRESCOS
1037,HELADO DE FRESA,UD,,84.75,02,JUGOS Y REFRESCOS
1038,HELADO DE CHINOLA,UD,,84.75,02,JUGOS Y REFRESCOS
1039,HELADO DE COCO CREMOSO,UD,,84.75,02,JUGOS Y REFRESCOS
1040,HELADO DE FRESA LECHE CONDENSADA,UD,,84.75,02,JUGOS Y REFRESCOS
1041,HELADO DE CHINOLA LECHE CONDENSADA,UD,,84.75,02,JUGOS Y REFRESCOS
1051,GATORLYTE MIXED BERRY,UD,,127.13,02,JUGOS Y REFRESCOS
1059,FRAPPUCCINO VAINILLA,UD,,236.83,02,JUGOS Y REFRESCOS
1060,SAN PELLEGRINO 250ML,UD,,120.00,02,JUGOS Y REFRESCOS
1061,PERRIER,UD,,93.22,02,JUGOS Y REFRESCOS
1063,ICELANDIC AGUA MINERAL 500ML,UD,,125.00,02,JUGOS Y REFRESCOS
1067,HELADO DE FRESA NUTELLA,UD,,84.75,02,JUGOS Y REFRESCOS
110000100274,JUGO 100% SIN AZUCAR PEQUEÑO,UD,,42.53,02,JUGOS Y REFRESCOS
110000100275,14,UD,,50.85,02,JUGOS Y REFRESCOS
110000100303,JUGO RICA DE PERA,UD,,50.85,02,JUGOS Y REFRESCOS
110000100320,NESCAFE CAFE CON LECHE,UD,,93.23,02,JUGOS Y REFRESCOS
110000100322,NESCAFE CORTADITO,UD,,76.28,02,JUGOS Y REFRESCOS
110000100323,NESCAFE CAPUCHINO,UD,,105.94,02,JUGOS Y REFRESCOS
110000100324,NESCAFE CAPUCHINO DE VAINILLA,UD,,105.94,02,JUGOS Y REFRESCOS
110000100325,NESCAFE MOKACCINO,UD,,105.94,02,JUGOS Y REFRESCOS
110000100326,NESCAFE ESTILO DOMINICANO,UD,,59.33,02,JUGOS Y REFRESCOS
110000100327,NESCAFE EXPRESO,UD,,55.08,02,JUGOS Y REFRESCOS
110000100558,JUGO NATURAL DE LIMON,UD,,101.85,02,JUGOS Y REFRESCOS
110000100559,JUGO NATURAL DE CHINOLA,UD,,101.85,02,JUGOS Y REFRESCOS
110000100591,NO VAAA,UD,,127.13,02,JUGOS Y REFRESCOS
110000100592,NO VA,UD,,211.88,02,JUGOS Y REFRESCOS
110000100696,NESCAFE AGUA CALIENTE,UD,,50.85,02,JUGOS Y REFRESCOS
110000100697,NESCAFE CHOCOLATE,UD,,93.23,02,JUGOS Y REFRESCOS
110000100698,NESCAFE CHOCO-VAINILLA,UD,,105.94,02,JUGOS Y REFRESCOS
110000100699,NESCAFE CAPUCHINO FRIO,UD,,152.55,02,JUGOS Y REFRESCOS
110000100700,NESCAFE CAPUCHINO DE VAINILLA FRIO,UD,,156.79,02,JUGOS Y REFRESCOS
110000100701,NESCAFE MOKACCINO FRIO,UD,,161.03,02,JUGOS Y REFRESCOS
110000100702,NESCAFE CAFE LARGO,UD,,42.38,02,JUGOS Y REFRESCOS
110000100703,NESCAFE AMERICANO,UD,,63.56,02,JUGOS Y REFRESCOS
110000100704,NESCAFE DOBLE EXPRESO,UD,,76.28,02,JUGOS Y REFRESCOS
110000100712,JUGO RICA LIMON,UD,,50.85,02,JUGOS Y REFRESCOS
1110,JUGO CLAMATO 5.5 OZ,UD,,59.32,02,JUGOS Y REFRESCOS
1239,SPRITE SIN AZUCAR 400 ML,UD,,25.42,02,JUGOS Y REFRESCOS
3415581311280,HELADO DAZS VAINILLA,UD,,300.85,02,JUGOS Y REFRESCOS
3415583272282,HELADO DAZS DE DULCE DE LECHE,UD,,300.85,02,JUGOS Y REFRESCOS
3415587404054,128PALETA DAZS CHOCOLATE CHOC,UD,,214.84,02,JUGOS Y REFRESCOS
3415587422058,PALETA DAZS SALTED CARAMEL,UD,,233.05,02,JUGOS Y REFRESCOS
612197211161,ENTEREX TOTAL VAINILLA 8Z,UD,,224.74,02,JUGOS Y REFRESCOS
612197211260,ENTEREX TOTAL FRESA 8Z,UD,,224.74,02,JUGOS Y REFRESCOS
632565000012,AGUA FIJI 500ML,UD,,127.20,02,JUGOS Y REFRESCOS
632565000029,AGUA FIJI 1 LITRO,UD,,212.00,02,JUGOS Y REFRESCOS
650240061325,SUEROX UVA,UD,,224.74,02,JUGOS Y REFRESCOS
650240063213,SUEROX FRESA-KIWI,UD,,224.74,02,JUGOS Y REFRESCOS
650240063244,SUEROX MORA AZUL-HIERBABUENA,UD,,224.74,02,JUGOS Y REFRESCOS
650240069192,SUEROX FRUTOS ROJOS TROPICALES,UD,,224.74,02,JUGOS Y REFRESCOS
650240069208,SUEROX LIMA LIMON,UD,,224.74,02,JUGOS Y REFRESCOS
650240070495,SUEROX COCO,UD,,224.57,02,JUGOS Y REFRESCOS
7441003530232,REFRESCO LATA SPRITE,UD,,46.77,02,JUGOS Y REFRESCOS
7460548000017,GATORADE PEQUEÑO AZUL/ BLUE COOL 350ML,UD,,42.53,02,JUGOS Y REFRESCOS
7460548000024,GATORADE PEQUEÑO ROJO/ FRUIT PUNCH 350M,UD,,42.52,02,JUGOS Y REFRESCOS
7460548000031,GATORADE PEQUEÑO UVA 350 ML,UD,,42.53,02,JUGOS Y REFRESCOS
7460548000048,GATORADE PEQUEÑO NARANJA 350 ML,UD,,42.53,02,JUGOS Y REFRESCOS
7460548000130,GATORADE AZUL/ BLUE GRANDE 600ML,UD,,63.72,02,JUGOS Y REFRESCOS
7460548000147,GATORADE DE MELON GRANDE FIERCE 600ML,UD,,63.56,02,JUGOS Y REFRESCOS
7460548000154,GATORADE ROJO GRANDE/FRUIT PUNCH 600ML,UD,,63.72,02,JUGOS Y REFRESCOS
7460548000161,GATORADE MORADO UVA GRANDE 600ML,UD,,63.72,02,JUGOS Y REFRESCOS
7460548000178,GATORADE LEMON LIME,UD,,63.72,02,JUGOS Y REFRESCOS
7460548000185,GATORADE NARANJA    ORANGE GRANDE 600ML,UD,,63.72,02,JUGOS Y REFRESCOS
7460548002127,GATORADE ZERO AZUL BERRY BLUE 500ML,UD,,59.32,02,JUGOS Y REFRESCOS
7460548002134,GATORADE ZERO ROJO 500 ML,UD,,59.32,02,JUGOS Y REFRESCOS
7460548002141,GATORLIT MORA AZUL 12/591 ML,UD,,127.12,02,JUGOS Y REFRESCOS
7460548002158,GATORLIT REVER COCO 12/591ML,UD,,127.12,02,JUGOS Y REFRESCOS
7460548002165,GATORLIT RECOVER UVA 12/591ML,UD,,127.12,02,JUGOS Y REFRESCOS
7460548002172,GATORLIT RECOVER NARANJA,UD,,127.12,02,JUGOS Y REFRESCOS
7460548002189,GATORLIT RECOVER FRESA KIWIT,UD,,127.12,02,JUGOS Y REFRESCOS
7460548002660,GATORADE FRESA SANDIA 600 ML,UD,,63.56,02,JUGOS Y REFRESCOS
7460855234990,BRUGAL EXTRA VIEJO 700ML,UD,,1.00,02,JUGOS Y REFRESCOS
7461136665007,REFRESCO TOP TOP FRAMBUESA 450ML,UD,,25.42,02,JUGOS Y REFRESCOS
7461136665014,REFRESCO TOP TOP MANZANA 450ML,UD,,25.42,02,JUGOS Y REFRESCOS
7461136665038,REFRESCO TOP TOP PIÑA 450ML,UD,,25.42,02,JUGOS Y REFRESCOS
7461136665069,AGUA PUREZA SANA,UD,,21.19,02,JUGOS Y REFRESCOS
7463172803320,7 UP REFRESCO,UD,,25.42,02,JUGOS Y REFRESCOS
7463172803467,RED ROCK FRAMBUESA,UD,,25.42,02,JUGOS Y REFRESCOS
7463172803528,RED ROCK MERENGUE,UD,,25.42,02,JUGOS Y REFRESCOS
7463172803580,RED ROCK UVA,UD,,25.42,02,JUGOS Y REFRESCOS
7465383000321,CANADA DRY AGUA TONICA,UD,,33.90,02,JUGOS Y REFRESCOS
7466774656226,LECHE PARMALAT,UD,,,02,JUGOS Y REFRESCOS
790330021089,JUGO RICA NARANJA 100% CON AZUCAR,UD,,63.56,02,JUGOS Y REFRESCOS
790330021140,JUGO RICA NARANJA 100% SIN AZUCAR,UD,,76.27,02,JUGOS Y REFRESCOS
790330021249,JUGO RICA PERA,UD,,50.85,02,JUGOS Y REFRESCOS
790330021270,JUGO RICA FRUIT PUNCH,UD,,63.56,02,JUGOS Y REFRESCOS
8002270916588,SANPELLEGRINO TONICA,UD,,169.49,02,JUGOS Y REFRESCOS
8002270966576,AGUA PANNA PEQUENA 500ML,UD,,127.13,02,JUGOS Y REFRESCOS
842595106596,C4 ENERGY FROZZEN BOMBSICLE,UD,,203.50,02,JUGOS Y REFRESCOS
842595109368,C4 ENREGY ORANGE,UD,,203.50,02,JUGOS Y REFRESCOS
842595121766,C4 ENERGY COSMIC RAIMBOW,UD,,203.50,02,JUGOS Y REFRESCOS
842595135534,C4 ENERGY BITTEN CITRUS,UD,,203.50,02,JUGOS Y REFRESCOS
842595136050,C4 ENERGY GUMMY SPLASH,UD,,203.50,02,JUGOS Y REFRESCOS
893504860702,AGUA DE COCO CON PULPA,UD,,122.89,02,JUGOS Y REFRESCOS
893919001301,ICELANDIC AGUA MINERAL 1 LT,UD,,211.86,02,JUGOS Y REFRESCOS
893919001509,ICELANDIC AGUA MINERAL 750ML CHUPI,UD,,233.05,02,JUGOS Y REFRESCOS
9002490204006,ENERGIZANTE RED BULL 250 ML PEQUEÑO,UD,,110.17,02,JUGOS Y REFRESCOS
016000439894,BARRAS NATURE VALLEY CHEWY FRUIT NUT,UD,,63.56,03,SNACKS
016000507661,NATURE VALLEY PROTEIN,UD,,63.56,03,SNACKS
038000138638,PRINGLES PIZZA LATA GRANDE,UD,,254.24,03,SNACKS
038000183713,PRINGLES BBQ LATA GRANDE,UD,,254.24,03,SNACKS
038000183737,PRINGLES BBQ,UD,,55.09,03,SNACKS
038000184932,PRINGLES ORIGINAL LATA GRANDE,UD,,254.25,03,SNACKS
038000184949,PRINGLES CEBOLLA LATA GRANDE,UD,,254.25,03,SNACKS
038000184956,PRINGLES DE QUESO LATA GRANDE,UD,,254.25,03,SNACKS
038000219474,KELLOGGS    POPS,UD,,42.37,03,SNACKS
038000219528,KELLOGGS COCOA KRISPIES,UD,,42.37,03,SNACKS
038000219634,KELLOGGS FROSTED FLAKES,UD,,38.14,03,SNACKS
038000219740,KELLOGGS    FROOT LOOPS,UD,,42.37,03,SNACKS
038000219856,KELLOGGS    APPLE JACKS,UD,,42.37,03,SNACKS
038000356216,NUTRI GRAIN MANZANA,UD,,42.38,03,SNACKS
038000357213,NUTRI GRAIN BLUEBERRY,UD,,42.38,03,SNACKS
038000846731,PRINGLES ORIGINAL,UD,,63.59,03,SNACKS
038000846748,PRINGLES CREMA Y CEBOLLA,UD,,63.59,03,SNACKS
038000846755,PRINGLES QUESO,UD,,63.56,03,SNACKS
040000000518,STARBURST,UD,,93.22,03,SNACKS
040000001607,SKITTLES ROJOS,UD,,93.22,03,SNACKS
040000001621,SKITTLES MORADOS,UD,,93.22,03,SNACKS
040000602040,CHOCOLATE MILKYWAY,UD,,84.74,03,SNACKS
041800317004,WELCH’S ORANGE,UD,,55.09,03,SNACKS
041800326006,WELCH’S GRAPE,UD,,55.09,03,SNACKS
041800490004,WELCH’S FRUIT PUNCH,UD,,55.09,03,SNACKS
044000061494,GALLETAS MINI OREO GOLDEN,UD,,42.37,03,SNACKS
096619192328,JUGO KIRKLAND LEMONADE,UD,,84.75,03,SNACKS
096619204014,JUGO KIRKLAND TROPICAL MANGO,UD,,84.75,03,SNACKS
096619204205,JUGO KIRKLAND DRAGON FRUIT,UD,,84.75,03,SNACKS
096619204212,JUGO KIRKLAND ACAI BLUEBERRY,UD,,84.75,03,SNACKS
1081,CHEETOS CRUNCHY GRANDE,UD,,145.00,03,SNACKS
1082,CHICHARRON LIMON GRANDE,UD,,145.00,03,SNACKS
1083,DORITOS NACHOS GRANDES,UD,,145.00,03,SNACKS
1084,GALLETAS PRINCESA,UD,,15.00,03,SNACKS
1085,GALLETAS BUTTER,UD,,15.00,03,SNACKS
1086,GALLETAS MINI M Y M,UD,,96.00,03,SNACKS
1087,HOJUELITAS BBQ GRANDE,UD,,145.00,03,SNACKS
1088,HOJUELITAS QUESO GRANDE,UD,,145.00,03,SNACKS
1089,LAYS CLASICAS GRANDES,UD,,145.00,03,SNACKS
1090,LAYS LIMON GRANDE,UD,,145.00,03,SNACKS
1091,MINI ANGELITOS,UD,,25.00,03,SNACKS
1092,NATUCHIPS GRANDES,UD,,155.00,03,SNACKS
1093,TAW TAW,UD,,21.19,03,SNACKS
1094,TOSTONES MADURITO RIPE,UD,,169.49,03,SNACKS
1099,SALSA BBQ,UD,,,03,SNACKS
1100,CATCHUP SOBRE,UD,,,03,SNACKS
110000100001,AROS DE AGILIDAD,UD,,106.09,03,SNACKS
110000100008,BANDA DE CAPITAN GENERICA,UD,,423.90,03,SNACKS
110000100060,COLCHONETA PILATE YOGA 4MM,UD,,1864.65,03,SNACKS
110000100117,CUBITT SPORT BELT,UD,,1017.15,03,SNACKS
110000100128,KIT CONOS VARIAS 50 UNIDAD,UD,,1271.40,03,SNACKS
110000100136,PIZARRA DE FUTBALL MAGNETICA,UD,,2118.90,03,SNACKS
110000100138,SPINILLERA SPORT,UD,,423.90,03,SNACKS
110000100139,SERVICIOS DE VALLA LATERALES 360,UD,,50000.00,03,SNACKS
110000100363,MANGAS,UD,,254.40,03,SNACKS
110000100422,PALETERO ENEBE RESPONSE TOUR (AZUL),UD,,5000.40,03,SNACKS
110000100423,PALETERO SOFTEE EXTRA COOL BAG (NEGRO/A,UD,,1949.40,03,SNACKS
110000100432,YUMMI NUTS MANI SAL,UD,,25.42,03,SNACKS
110000100434,YUMMI NUTS MANI LIMON,UD,,25.42,03,SNACKS
110000100463,GRIPS MULTI COLOR,UD,,127.28,03,SNACKS
110000100495,FALDITA AZUL,UD,,1695.15,03,SNACKS
110000100497,BABOLAT COUNTER VERTUO,UD,,148.47,03,SNACKS
110000100549,VESTIDO ADIDDAS NEGRO,UD,,5678.40,03,SNACKS
110000100550,VESTIDO ADIDDAS ROSADO,UD,,5678.40,03,SNACKS
110000100723,GALLETA RICURITA TIOLA,UD,,67.80,03,SNACKS
110000100726,GRIPS WILSON,UD,,254.25,03,SNACKS
1101,GALLETAS PRINCESAS CLUD CRACKERS,UD,,,03,SNACKS
1113,PRINGLES CANTINITA PEQ,UD,,42.37,03,SNACKS
1117,LAYS     SAL DR32GX,UD,,38.13,03,SNACKS
1118,DORITOS MOFONGO DR,UD,,34.42,03,SNACKS
1121,MIEL RINCON EXTRA HOT,UD,,338.98,03,SNACKS
1133,GALLETAS CUQUI SALUDABLE VAINILLA,UD,,50.00,03,SNACKS
1134,GALLETAS CUQUI AVENA CON GRANBERRY,UD,,50.00,03,SNACKS
1135,GALLETAS CUQUI AVENA CON COCO,UD,,50.00,03,SNACKS
1136,GALLETAS CUQUI CHOCOLOSCHI,UD,,50.00,03,SNACKS
1149,RANCH EXCITANT GRANDE,UD,,110.17,03,SNACKS
1164,ZIBAS PAPA CHILETOREADO PEQ,UD,,33.90,03,SNACKS
1170,RANC BUTFFE RANC PEQ,UD,,33.90,03,SNACKS
1172,YUMMI NUTS MIX SEMILLAS FRUTAS,UD,,25.42,03,SNACKS
1175,PAN MEDIA BANGUETTE,UD,,,03,SNACKS
1184,ZAMBOS PICOSITOS FAM 24,UD,,117.19,03,SNACKS
1185,TAQUERITOS QUESO FUSION 34G,UD,,27.34,03,SNACKS
1202,COQUITO,UD,,21.18,03,SNACKS
1203,CORNETAS,UD,,42.37,03,SNACKS
1222,ZIBAS PAPA JALAPEÑA PEQ,UD,,33.90,03,SNACKS
1230,NATUCHIPS AJO,UD,,38.14,03,SNACKS
1653265,RANCH NACH EXCITANT PEQ.,UD,,33.90,03,SNACKS
721282402770,RUFFLES CARDE ASADA CS,UD,,33.89,03,SNACKS
721282402787,RUFFLES CHEEDAR CS,UD,,34.05,03,SNACKS
721282411055,LAYS SWAP DR,UD,,38.14,03,SNACKS
721282411109,DORITOS SWAP,UD,,33.90,03,SNACKS
721282411123,CHEETOS SWAP,UD,,16.95,03,SNACKS
735051000562,COMPOTA HEINZ BABY MANZANA,UD,,42.37,03,SNACKS
735051000579,COMPOTA HEINZ BABY PERA,UD,,42.37,03,SNACKS
735051000630,COMPOTA HEINZ BABY FRUITAS,UD,,42.37,03,SNACKS
7441136201641,ALL INKLUSIVE   BARRA CEREAL CON PASA,UD,,33.90,03,SNACKS
7460134303348,ONTOL PLUS SPRAY 55G,UD,,509.00,03,SNACKS
7460347606045,ONTO GEL 80G,UD,,424.00,03,SNACKS
7460347607325,ALIVIOL,UD,,43.00,03,SNACKS
7460347613548,CURA CLEAN,UD,,365.00,03,SNACKS
7460496805573,CHICHARRON   FLAMIN FRITO LAY,UD,,35.00,03,SNACKS
7460496806068,HOJUELITA TOCINETA,UD,,17.00,03,SNACKS
7460496806143,LAYS ASADO DR CS,UD,,38.14,03,SNACKS
7460496806204,LAYS TACO DR CS,UD,,38.14,03,SNACKS
7466442630039,FRUIT PARADISE CHINOLA,UD,,84.90,03,SNACKS
7466442630046,FRUIT PARADISE CEREZA,UD,,76.43,03,SNACKS
7466442630053,FRUIT PARADISE LIMON,UD,,76.43,03,SNACKS
7466442630060,FRUIT PARADISE FRESA,UD,,84.90,03,SNACKS
7501000634118,GALLETA AVENA QUAKER DE ALMEN/GRANOLA DR,UD,,38.14,03,SNACKS
7501000634125,GALLETA AVENA QUAKER MANZANA CANELA VER,UD,,38.14,03,SNACKS
7501000634132,GALLETA AVENA QUAKER FRESA ROJAS,UD,,38.14,03,SNACKS
750894602131,ZAMBOS PLATANO MADURITO PEQ.,UD,,33.90,03,SNACKS
750894602780,ZAMBOS PLATANO ORIGINAL GRANDE,UD,,127.12,03,SNACKS
750894602988,ZAMBOS PLATANO ORIGINAL PEQ.,UD,,33.90,03,SNACKS
750894603404,RANCH NACH PIZZA PEQ.,UD,,33.90,03,SNACKS
750894606399,RANCHITA DE QUESO GRANDE,UD,,110.17,03,SNACKS
750894606719,ZIBAS PAPA CLASICAS PEQ.,UD,,33.90,03,SNACKS
750894607181,ZAMBOS PLATANO MADURITO GRANDE,UD,,127.12,03,SNACKS
750894609505,TAQUER CHILETOR GRANDE,UD,,110.17,03,SNACKS
750894610709,ZAMBOS PLATANO CEVICHE PEQ.,UD,,33.90,03,SNACKS
750894610822,ZAMBOS PLATANO CEVICHE GRANDE,UD,,127.12,03,SNACKS
750894611645,YUMMIPOP QUESO PEQ.,UD,,33.90,03,SNACKS
750894611799,ZIBAS PAPA QUESO   PEQ,UD,,33.90,03,SNACKS
750894611805,ZIBAS PAPA CREMA / ESPECIAS PEQ.,UD,,33.90,03,SNACKS
750894611812,ZIBAS PAPA MIEL MOSTAZA PEQ,UD,,33.90,03,SNACKS
750894612215,YUMMI POPS NACHO JALAPEÑO PEQ,UD,,33.90,03,SNACKS
750894612550,TAQUE CHILETOR PEQ,UD,,33.90,03,SNACKS
750894613212,TAQUERITOS DRAGON FUEGO GRANDE,UD,,110.17,03,SNACKS
750894613236,TAQUERITOS DRAGON HIELO PEQ,UD,,33.90,03,SNACKS
750894613571,ZAMBOS PLATANO TAJIN PEQ,UD,,33.90,03,SNACKS
750894614059,YUMMI POPS PALOMITAS DRA PEQ,UD,,33.90,03,SNACKS
750894614097,ZAMBOS YUQUITA AJO PARMESANO GRANDE,UD,,127.12,03,SNACKS
750894614103,ZAMBOS YUQUITA AJO PARMESANO PEQ,UD,,33.90,03,SNACKS
750894614288,RANCH NACHO QUESO PEQ.,UD,,33.90,03,SNACKS
750894614301,RANCH BUFFE RANCH,UD,,33.90,03,SNACKS
750894671151,YUMMI NUTS MANI JAPONES,UD,,25.42,03,SNACKS
750894671243,YUMMI OMEGA MIX    MANI GRANDE,UD,,228.81,03,SNACKS
750894671458,YUMMI NUTS MANI JAPONES CHILE,UD,,25.42,03,SNACKS
757528048075,TAKIS FUEGO   MEDIANO,UD,,127.12,03,SNACKS
757528048532,TAKIS FUEGO PEQUEÑO,UD,,50.85,03,SNACKS
766871822508,DUAL PRO GRIP + OVERGRIP SHOCKOUT (NEGR,UD,,847.65,03,SNACKS
787692834624,GALLETA LENNY AND LARRYS GRANDE OATMEAL,UD,,182.21,03,SNACKS
8435536788504,SIUX OVERGRIP X3,UD,,720.38,03,SNACKS
1018,SERVICIO DE TRANSPORTE,UD,,,04,PICADERAS
1019,SERVICIO TRANSPORTE,UD,,,04,PICADERAS
1079,CUMPLEAÑOS,UD,,18220.33,04,PICADERAS
1080,ADICIONAL AL CUMPLEANOS,UD,,12000.00,04,PICADERAS
1119,EMPANADA DE POLLO PUERRO,UD,,84.90,04,PICADERAS
1120,EMPANADA DE POLLO MAIZ,UD,,84.90,04,PICADERAS
014100077602,GALLETAS GOLDFISH CHEDDAR,UD,,42.54,05,DULCES Y CHOCOLATES
027800072723,GALLETAS KEEBLER CHIPS DELUXE,UD,,55.24,05,DULCES Y CHOCOLATES
03424607,CHOCOLATE KITKAT,UD,,51.00,05,DULCES Y CHOCOLATES
040000000310,CHOCOLATE M&M MARRON,UD,,114.41,05,DULCES Y CHOCOLATES
040000000327,CHOCOLATE M&M AMARILLO,UD,,114.41,05,DULCES Y CHOCOLATES
040000001447,CHOCOLATE M&M ROJO,UD,,114.41,05,DULCES Y CHOCOLATES
040000001638,SKITTLES AZULES,UD,,93.22,05,DULCES Y CHOCOLATES
040000004356,CHOCOLATE TWIX 2 COOKIE BARS,UD,,76.27,05,DULCES Y CHOCOLATES
040000514206,CHOCOLATE TWIX,UD,,67.95,05,DULCES Y CHOCOLATES
040000514251,SNICKERS,UD,,84.74,05,DULCES Y CHOCOLATES
044000011703,GALLETAS MINI OREO CHOCOLATE,UD,,42.37,05,DULCES Y CHOCOLATES
044000020071,GALLETA MINI CHIPS AHOY,UD,,42.37,05,DULCES Y CHOCOLATES
044000020170,GALLETA MINI OREO,UD,,42.37,05,DULCES Y CHOCOLATES
044000020187,GALLETA NUTTER BUTTER BITES,UD,,42.37,05,DULCES Y CHOCOLATES
044000020255,GALLETA RITZ BITS CHEESE,UD,,38.14,05,DULCES Y CHOCOLATES
044000020361,GALLETA TEDDY GRAHAMS,UD,,42.37,05,DULCES Y CHOCOLATES
044000043148,GALLETAS CHIP ALOY,UD,,59.33,05,DULCES Y CHOCOLATES
044000047009,GALLETAS OREO 6 GALLETAS,UD,,59.39,05,DULCES Y CHOCOLATES
073360237515,LA CROIX LIME,UD,,55.24,05,DULCES Y CHOCOLATES
073360377518,LA CROIX LEMON,UD,,55.24,05,DULCES Y CHOCOLATES
073360617515,LA CROIX ORANGE,UD,,55.24,05,DULCES Y CHOCOLATES
1035,HELADO DE TAMARINDO,UD,,84.75,05,DULCES Y CHOCOLATES
1036,HELADO DE MANGO,UD,,84.75,05,DULCES Y CHOCOLATES
1042,HELADO DE COCO DULCE DE LECHE,UD,,84.75,05,DULCES Y CHOCOLATES
1043,HELADO DE CHOCOLATE DULCE DE LECHE,UD,,84.75,05,DULCES Y CHOCOLATES
1044,HELADO DE DULCE DE LECHE OREO,UD,,84.75,05,DULCES Y CHOCOLATES
1057,CHOCOLATE FRIO TWIX,UD,,296.04,05,DULCES Y CHOCOLATES
1058,CHOCOLATE FRIO SNICKERS,UD,,296.04,05,DULCES Y CHOCOLATES
1068,MINI MAGNUM,UD,,101.69,05,DULCES Y CHOCOLATES
110000100269,GALLETA JOLIE FRESH CHOCOLATE CHIP,UD,,169.65,05,DULCES Y CHOCOLATES
110000100270,VASO JOLIE FRESH CHOCOLATE CHIP,UD,,212.03,05,DULCES Y CHOCOLATES
110000100294,GALLETAS DE COCO    MARTIN PEQUEÑA,UD,,42.53,05,DULCES Y CHOCOLATES
110000100296,GALLETAS JENGIBRE PEQUEÑA,UD,,42.53,05,DULCES Y CHOCOLATES
110000100297,GALLETAS MARTIN COCO PEQUEÑAS,UD,,51.00,05,DULCES Y CHOCOLATES
110000100340,DONAS,UD,,84.90,05,DULCES Y CHOCOLATES
110000100612,GALLETAS DE AVENA,UD,,21.19,05,DULCES Y CHOCOLATES
110000100639,GALLETA DE CHOCOLATE,UD,,21.19,05,DULCES Y CHOCOLATES
110000100678,BABY BOTTLE POP,UD,,84.75,05,DULCES Y CHOCOLATES
1115,MISSCOOKIE CLASICA COCO,UD,,39.06,05,DULCES Y CHOCOLATES
1140,COPA CHOCOLATE PRISCILA,UD,,101.69,05,DULCES Y CHOCOLATES
1142,PALETA CHOCO CHOCO,UD,,84.75,05,DULCES Y CHOCOLATES
1241,SKITTLES DULCE,UD,,21.19,05,DULCES Y CHOCOLATES
653981779023,GALLETAS DE AVENA TIOLA,UD,,42.53,05,DULCES Y CHOCOLATES
721282410102,CHOKIS CHOCOBASE CAM,UD,,59.32,05,DULCES Y CHOCOLATES
721282410560,CHOKIS CKASICA CAM PEQUEÑA,UD,,29.66,05,DULCES Y CHOCOLATES
7460496803685,CHEETOS QUESO BLANCO,UD,,21.19,05,DULCES Y CHOCOLATES
7460496803944,LAYS CLASICAS,UD,,42.37,05,DULCES Y CHOCOLATES
7460496803951,LAYS QUESO BLANCO,UD,,38.14,05,DULCES Y CHOCOLATES
7460496803968,LAYS LIMON,UD,,38.13,05,DULCES Y CHOCOLATES
7460496804286,CHEETOS CRUNCHY CS,UD,,21.19,05,DULCES Y CHOCOLATES
7460496804293,CHEETOS HAMBURGUESA CS,UD,,21.19,05,DULCES Y CHOCOLATES
7460496804811,LAYS BBQ,UD,,35.16,05,DULCES Y CHOCOLATES
7460496805214,CHEETOS GARRITAS SABOR CHEDDAR,UD,,21.19,05,DULCES Y CHOCOLATES
7460602201138,GALLETAS SUSPIRO PEQUEÑO MARTIN,UD,,46.77,05,DULCES Y CHOCOLATES
7462226554010,GALLETAS NAPOLITANAS,UD,,42.53,05,DULCES Y CHOCOLATES
7466564881142,GALLETAS CON SUSPIRO GRANDE,UD,,148.47,05,DULCES Y CHOCOLATES
7466762939010,PIRULIN LATA PEQUEÑO,UD,,220.50,05,DULCES Y CHOCOLATES
7466762939041,PIRULIN,UD,,34.05,05,DULCES Y CHOCOLATES
7466762939959,PIRULIN LATA GRANDE,UD,,377.29,05,DULCES Y CHOCOLATES
7467515320048,MISSCOOKIE CLASICA,UD,,39.06,05,DULCES Y CHOCOLATES
7467515320079,MISSCOOKIE CLASICA JENJIBRE,UD,,39.06,05,DULCES Y CHOCOLATES
7468162802321,PALETA CHOCO CREMA,UD,,72.03,05,DULCES Y CHOCOLATES
7468162810944,PALETA DE FRAMBUESA,UD,,29.66,05,DULCES Y CHOCOLATES
7468162810951,PALETA DE UVA,UD,,29.66,05,DULCES Y CHOCOLATES
7468162810968,PALETA DE MANZANA,UD,,29.66,05,DULCES Y CHOCOLATES
7468162811019,PALETA DE FRESA 85G,UD,,63.56,05,DULCES Y CHOCOLATES
7468162813013,PALETA DE FRESA CREMA,UD,,63.56,05,DULCES Y CHOCOLATES
7468162813501,PALETA DE CHERRY,UD,,29.66,05,DULCES Y CHOCOLATES
7468162813846,SANDWICH BON VAINILLA,UD,,93.22,05,DULCES Y CHOCOLATES
7468162820615,COPA DE FRESA BON,UD,,105.93,05,DULCES Y CHOCOLATES
7468162827980,COPA BON CHOCOLATE PRISCILLA,UD,,105.93,05,DULCES Y CHOCOLATES
7500478001200,CHOKIS MIX CHOCOLATE,UD,,59.32,05,DULCES Y CHOCOLATES
7500478002580,CHOKIS BLACK,UD,,55.08,05,DULCES Y CHOCOLATES
7500478008926,CHOKIS CLASICA,UD,,59.32,05,DULCES Y CHOCOLATES
7500478012398,EMPERADOR CHOCOLATE BEE CAM PEQUEÑA,UD,,29.66,05,DULCES Y CHOCOLATES
7500478012404,EMPERADOR VAINILLA CS PEQUEÑA,UD,,29.66,05,DULCES Y CHOCOLATES
7500478013609,EMPERADOR CHOCOLATE BEE CAM,UD,,50.84,05,DULCES Y CHOCOLATES
7501000601745,FLORENTINA DULCE DE LECHE CAJETA,UD,,55.08,05,DULCES Y CHOCOLATES
7501000604685,CHOKIS RELLENA,,,59.32,05,DULCES Y CHOCOLATES
7501000610228,MINI CHOKIS,UD,,50.84,05,DULCES Y CHOCOLATES
7501000636921,MAMUT 30G,UD,,25.42,05,DULCES Y CHOCOLATES
7506306415775,PALETA MAGNUM ALMENDRAS 90ML,UD,,135.59,05,DULCES Y CHOCOLATES
7506306418066,PALETA MAGNUM COOKIE REMIX 85 ML,UD,,135.59,05,DULCES Y CHOCOLATES
753079000418,DINO CHOCOLATE,UD,,21.34,05,DULCES Y CHOCOLATES
753079000456,DINO FRESA,UD,,21.34,05,DULCES Y CHOCOLATES
753079000470,DINO VAINILLA,UD,,21.34,05,DULCES Y CHOCOLATES
7590011251100,GALLETAS OREO PEQUEÑA,UD,,42.38,05,DULCES Y CHOCOLATES
7591016851135,CHOCOLATE CON LECHE,UD,,76.28,05,DULCES Y CHOCOLATES
7591039504957,CHOCOLATE FLIPS,UD,,46.77,05,DULCES Y CHOCOLATES
7592396004975,DULCE DE LECHE NATULAC,UD,,67.80,05,DULCES Y CHOCOLATES
764090052850,CRACHI MAS MAS ROCKY,UD,,21.19,05,DULCES Y CHOCOLATES
810291007158,TATES BAKE SHOP CHOCOLATE CHIP COOKIES,UD,,169.50,05,DULCES Y CHOCOLATES
9661931395,KIRKLAND CHOCOLATE SOFT & CHEWY,UD,,29.66,05,DULCES Y CHOCOLATES
009800007615,TIC TAC FRESH MINT,UD,,106.09,06,PLATOS
00985234,KINDER JOY,UD,,105.93,06,PLATOS
012000028632,MOUNTAIN DEW VOLTAJE,UD,,127.13,06,PLATOS
012000130311,MOUNTAIN DEW BAJA BLAST,UD,,127.13,06,PLATOS
01208500,MOUNTAIN DEW VERDE REGULAR,UD,,105.93,06,PLATOS
013087047004,MUFFIN ARANDANOS BLUEBERRY,UD,,93.38,06,PLATOS
013087047059,MUFFIN BANANA NUT,UD,,93.38,06,PLATOS
014113911856,WONDERFUL PISTACHIOS,UD,,55.09,06,PLATOS
021000010875,MAC & CHEESE MACARRONES,UD,,105.93,06,PLATOS
024474007020,JUGO PETIT MANZANA,UD,,42.53,06,PLATOS
029000017931,PLANTERS MANI,UD,,51.00,06,PLATOS
034856008187,GOMITAS WELCH PEQUEÑAS,UD,,42.37,06,PLATOS
034856028918,WELCHS FRUIT SNACKS ISLAND FRUITS,UD,,72.19,06,PLATOS
034856028925,WELCHS FRUIT SNACKS BERRIES'N CHERRIES,UD,,72.19,06,PLATOS
034856028987,WELCHS FRUIT SNACKS MIXED FRUIT,UD,,72.19,06,PLATOS
038000359217,NUTRI GRAIN FRESA,UD,,42.38,06,PLATOS
049000057638,COCA-COLA 400ML,UD,,29.66,06,PLATOS
049000550733,COUNTRY CLUB MANZANA,UD,,25.58,06,PLATOS
052000047905,GATORLYTE NARANJA,UD,,127.13,06,PLATOS
052000047912,GATORLYTE STRAWBERRY KIWI,UD,,127.13,06,PLATOS
052000049008,GATORLYTE CHERRY LIME,UD,,127.13,06,PLATOS
052000050622,GATORLYTE SANDIA,UD,,127.13,06,PLATOS
073390002022,AIR HEADS,UD,,21.19,06,PLATOS
096265191911,KINDER BUENO,UD,,93.38,06,PLATOS
1034,SERVICIO PAPAS FRITAS SOLA,UD,,106.00,06,PLATOS
1045,PIZZA DE QUESO,UD,,296.61,06,PLATOS
1046,PIZZA DE PEPERONI,UD,,296.90,06,PLATOS
1047,PIZZA DE QUESO DE CABRA CON MIEL,UD,,339.00,06,PLATOS
1048,PIZZA ULTRA SALAMI PICANTE,UD,,339.00,06,PLATOS
1055,ALITAS BBQ,UD,,398.32,06,PLATOS
1064,PLATO DE MANGU DE GUINEITO,UD,,275.00,06,PLATOS
1070,ARROZ FRITO,UD,,461.86,06,PLATOS
1095,MANTECA VEGETAL,UD,,,06,PLATOS
1096,PORCION DE SALAMI,UD,,,06,PLATOS
1097,QUESO BLANCO DE FREIR DE LA RICA,UD,,,06,PLATOS
1098,REDROT ORIGINAL GALON,UD,,,06,PLATOS
110000100239,FUNPACK,UD,,21.19,06,PLATOS
110000100277,PORCION CARNE SALADA,UD,,381.38,06,PLATOS
110000100280,EMPANADA DE PIZZA,UD,,84.90,06,PLATOS
110000100281,EMPANADA DE POLLO CREMA,UD,,84.90,06,PLATOS
110000100282,EMPANADA DE QUESO,UD,,84.90,06,PLATOS
110000100283,EMPANADA DE RES,UD,,84.90,06,PLATOS
110000100306,LONGANIZA,UD,,212.03,06,PLATOS
110000100308,QUIPE DE CABRA Y CEBOLLA CARAMELIZADA,UD,,93.22,06,PLATOS
110000100309,QUIPE DE POLLO,UD,,84.90,06,PLATOS
110000100310,QUIPE DE RES,UD,,84.90,06,PLATOS
110000100317,NACHOS MARIA,UD,,169.65,06,PLATOS
110000100328,"TOSTADA DE JAMON, QUESO Y SALAMI GENOA",UD,,127.28,06,PLATOS
110000100329,TOSTADA JAMON Y QUESO,UD,,101.85,06,PLATOS
110000100330,TOSTADA DE QUESO,UD,,152.55,06,PLATOS
110000100331,HAMBURGUER,UD,,381.38,06,PLATOS
110000100332,HOT DOG SALCHICHA TRADICIONAL,UD,,127.13,06,PLATOS
110000100335,YUQUITAS FRITAS,UD,,127.28,06,PLATOS
110000100336,5876,UD,,84.90,06,PLATOS
110000100337,L,UD,,93.38,06,PLATOS
110000100339,PORCION PECHURINA,UD,,296.61,06,PLATOS
110000100461,EMPANADAS DE YUKA PEQUEÑAS,UD,,84.90,06,PLATOS
110000100464,EMPANADITAS CATIVIA,UD,,42.38,06,PLATOS
110000100499,SERVICIO DE PAPAS,UD,,127.28,06,PLATOS
110000100500,SERVICIO DE YUKITAS,UD,,144.23,06,PLATOS
110000100523,QUIPES PEQUEÑOS,UD,,42.53,06,PLATOS
110000100525,BIZCOCHO DE CHOCOLATE MUFFIN,UD,,106.09,06,PLATOS
110000100526,BIZCOCHO CON PASAS MUFFIN,UD,,80.67,06,PLATOS
110000100532,CROQUETAS DE POLLO,UD,,42.38,06,PLATOS
110000100569,PASTA DE POLLO,UD,,212.03,06,PLATOS
110000100589,CROISSANT PLAIN PQ,UD,,84.75,06,PLATOS
110000100615,HOT DOG SALCHICHA ITALIANA,UD,,148.31,06,PLATOS
110000100640,MUFFINS VARIADOS,UD,,42.38,06,PLATOS
110000100641,CAPACILLOS DE VAINILLA,UD,,42.38,06,PLATOS
110000100657,SERVICIO DE CHICHARRON,UD,,508.50,06,PLATOS
110000100658,SERVICIO DE LONGANIZA,UD,,381.38,06,PLATOS
110000100686,TOSTADA DE AGUACATE,UD,,237.30,06,PLATOS
110000100687,CROISSANT JAMON Y QUESO,UD,,292.39,06,PLATOS
110000100688,SANDWICH ITALIANO,UD,,326.29,06,PLATOS
110000100689,SANDWICH DE JAMON Y QUESO,UD,,199.16,06,PLATOS
110000100692,SERVICIO DE MOFONGO,UD,,550.88,06,PLATOS
110000100708,CROISSANT CHOCOLATE,UD,,105.94,06,PLATOS
110000100709,CROISSANT INTEGRAL,UD,,93.23,06,PLATOS
110000100714,Blue Ribbon Classic Vanilla Sandwich Ic,UD,,59.33,06,PLATOS
1132,PORCION DE ALAS,UD,,,06,PLATOS
1176,QUESO MOZZARELLA RICA,UD,,,06,PLATOS
1177,SLIDE DE PIZZA,UD,,59.32,06,PLATOS
1178,PIZZA NAPOLITANA (TOMATE Y ALBAHACA),UD,,339.00,06,PLATOS
1179,PIZZA DE JAMON Y QUESO,UD,,339.00,06,PLATOS
1180,PIZZA DE BACON,UD,,381.35,06,PLATOS
1181,INGREDIENTES ADICIONALES PIZZA,UD,,84.74,06,PLATOS
1182,PASTA TRES QUESO,UD,,466.10,06,PLATOS
1183,PIZZA DE MAIZ,UD,,296.90,06,PLATOS
1186,SOPA ISIM POLLO,UD,,63.56,06,PLATOS
1204,NATUCHIPS YUCA CS,UD,,38.14,06,PLATOS
1205,NATUCHIPS YUCA QUESO CS,UD,,38.14,06,PLATOS
1206,NATUCHIPS LIMON DR,UD,,38.14,06,PLATOS
1216,HAMBURGUESA SMASH,UD,,423.72,06,PLATOS
1217,EMPANADA CATIBIA POLLO PAQUETE DE 3,UD,,169.49,06,PLATOS
1218,EMPANADA CATIBIA QUESO PAQUETE DE 3,UD,,169.49,06,PLATOS
1242,WRAP DE POLLO PREMIUM BURRITO,UD,,317.80,06,PLATOS
1252,CLUB SANDWICH,UD,,402.54,06,PLATOS
3415581312287,HELADO DANS STRAWBERRY,UD,,300.86,06,PLATOS
3415587405051,PALETA DANS STRAWBERRIRS & CREAM,UD,,233.06,06,PLATOS
607766702652,PALOMITAS,UD,,63.56,06,PLATOS
650240063220,SUEROX MANZANA,UD,,224.74,06,PLATOS
7451011040043,CARLES YUQUITA,UD,,55.24,06,PLATOS
7451011040425,CARLES PLATANITOS CHIP,UD,,46.61,06,PLATOS
7451011041149,CARLES PLATANITOS PICANTITOS,UD,,55.24,06,PLATOS
7460496800523,NATUCHIPS PL ORIGINAL RD,UD,,38.13,06,PLATOS
7460496800530,PLATANITOS SAL CS,UD,,21.19,06,PLATOS
7460496803616,HOJUELITAS DE QUESO CS,UD,,21.19,06,PLATOS
7460496803623,HOJUELITAS BBQ CS,UD,,21.19,06,PLATOS
7460496803999,DORITOS NACHO CS,UD,,29.66,06,PLATOS
7460496804002,DORITOS PM CS,UD,,29.66,06,PLATOS
7460496805016,DORITOS FLAMIN HOT DR CS,UD,,34.05,06,PLATOS
7460496805498,DORITOS DINAMITA ROC CS,UD,,21.19,06,PLATOS
7460496805672,DETODITO MOFONGO,UD,,42.37,06,PLATOS
7460496806105,HOJUELITAS FH CS,UD,,21.19,06,PLATOS
7464113824121,CHICHARRON LIMON,UD,,38.14,06,PLATOS
7465619163011,CHEMILO,UD,,29.66,06,PLATOS
7467113580882,CARLES MADURITOS,UD,,55.24,06,PLATOS
7467113580974,CARLES PLATANITOS LIMON,UD,,55.24,06,PLATOS
7500478027118,CRACKETS MINISW CAM,UD,,50.85,06,PLATOS
7506306417571,MORDISKO,UD,,93.22,06,PLATOS
75068271,MENTOS AZULES,UD,,42.38,06,PLATOS
75068318,MENTOS DE FRUTAS,UD,,42.38,06,PLATOS
750894671007,YUMMI NUTS MANI CON LIMON GRANDE,UD,,50.85,06,PLATOS
750894671229,"YUMMI NUTS MIX DE ALMENDRAS, MARAÑON, M",UD,,21.34,06,PLATOS
790330021171,JUGO RICA MANZANA,UD,,50.85,06,PLATOS
812820020447,MY MOTTO CRISPY WAFER,UD,,38.29,06,PLATOS
854929006557,LENGUITAS SOUR BELTS,UD,,17.10,06,PLATOS
9002490212148,ENERGIZANTE RED BULL 355ML MED,UD,,169.50,06,PLATOS
9002490267544,ENERGIZANTE RED BULL 473ML GRANDE,UD,,220.35,06,PLATOS
013087803204,CINNAMON ROLL,UD,,93.38,07,TIENDA
016000264694,BARRAS NATURE VALLERY,UD,,63.56,07,TIENDA
016571940348,Sparlink Ice Peach Nectarine,UD,,76.43,07,TIENDA
016571952105,Sparlink Ice Back Berry,UD,,76.43,07,TIENDA
016571954369,SPARKLINK ICE FRUIT PUNCH,UD,,148.32,07,TIENDA
049000409772,AGUA DASANI GRANDE,UD,,33.90,07,TIENDA
097512510264,BOLAS DE PADEL WILSON TUBO 3 EN 1 ROJAS,UD,,550.84,07,TIENDA
097512831048,PELOTAS WILSON NEGRAS,UD,,550.88,07,TIENDA
1017,CLASE DE   PADEL PARA   1 PERSONA,UD,,2700.00,07,TIENDA
1020,SERVICIO DE TRANSPORTE,UD,,,07,TIENDA
1021,FALDAS CORTA,UD,,1865.00,07,TIENDA
1022,TOP NEGRO SENCILLO,UD,,1500.00,07,TIENDA
1023,TOP GRIS GALA SPORT,UD,,1650.00,07,TIENDA
1024,TOP ROSADO SENCILLO,UD,,1350.00,07,TIENDA
1025,BLUSA ROSADA M-GYM,UD,,1850.00,07,TIENDA
1026,TOP NEGRO BEFINE,UD,,1500.00,07,TIENDA
1027,BLUSA BLANCA BEFINE,UD,,1500.00,07,TIENDA
1028,BLUSA CREMA BEFINE,UD,,1500.00,07,TIENDA
1029,BLUSA NEGRA GYMWEAR,UD,,2000.00,07,TIENDA
1030,SUERA MANGA LARGA M GYM,UD,,2800.00,07,TIENDA
1031,PANTALON UNIFORME XS,UD,,254.40,07,TIENDA
1032,T SHIRT UNIFORME XS,UD,,847.45,07,TIENDA
1033,LICRA NEGRA,UD,,507.81,07,TIENDA
1052,FOR ALL GRIP MULTICOLOR SIUX,UD,,169.50,07,TIENDA
1053,PANTALONES Y BLUSA,UD,,1695.00,07,TIENDA
1054,FALDAS DEPORTIVA PADEL,UD,,1864.50,07,TIENDA
1056,NOVA,UD,,470.00,07,TIENDA
1065,PATROCINIO TORNEO DE PADEL,UD,,10000.00,07,TIENDA
1066,BOTAS IGNACIO,UD,,1271.30,07,TIENDA
1069,GRIP OFFSERVE,UD,,169.49,07,TIENDA
1073,CAMISETA UNIFORME SIZE 16,UD,,847.45,07,TIENDA
1074,CAMISETA UNIFORME SIZE 6,UD,,847.45,07,TIENDA
1075,CAMISETA UNIFORME SIZE 8,UD,,847.45,07,TIENDA
1076,PANTALON UNIFORME SIZE 16,UD,,614.41,07,TIENDA
1077,PANTALON UNIFORME SIZE 6,UD,,677.96,07,TIENDA
1078,PANTALON UNIFORME SIZE 8,UD,,614.41,07,TIENDA
110000100002,BALON BARCA AMARILLO Y ROJO,UD,,2966.10,07,TIENDA
110000100003,BALON MANCHESTER CITY,UD,,2542.65,07,TIENDA
110000100004,BALON STRETT SOCCER,UD,,1864.65,07,TIENDA
110000100005,BALONES FRANCIA,UD,,2966.40,07,TIENDA
110000100006,BALONES GVOVA NUMERO 5 BLANCO,UD,,1864.50,07,TIENDA
110000100007,BALONES VENEZUELA,UD,,2966.40,07,TIENDA
110000100009,CAMISETA ARGENTINA MUNDIAL VISITANTE MO,UD,,2034.15,07,TIENDA
110000100010,CAMISETA ARGENTINA AZUL 1998 SIZE M,UD,,2966.40,07,TIENDA
110000100011,CAMISETA ARGENTINA AZUL 1998 SIZE S,UD,,2966.40,07,TIENDA
110000100012,CAMISETA ARGENTINA AZUL CLARO SIZE M,UD,,2966.40,07,TIENDA
110000100013,CAMISETA ARGENTINA AZUL CLARO SIZE S,UD,,2966.40,07,TIENDA
110000100014,CAMISETA ARGENTINA AZUL CON CUELLO 1994,UD,,2966.40,07,TIENDA
110000100015,CAMISETA ARGENTINA AZUL CON CUELLO 1994,UD,,2966.40,07,TIENDA
110000100016,CAMISETA BARCA DORADA SIZE XL,UD,,2034.15,07,TIENDA
110000100017,CAMISETA BARCA LOCAL TEMPORADA 24-25 SI,UD,,2034.15,07,TIENDA
110000100018,CAMISETA BARCA LOCAL TEMPORADA 24-25 SI,UD,,2034.15,07,TIENDA
110000100019,CAMISETA BARCA LOCAL TEMPORADA 24-25 SI,UD,,2034.15,07,TIENDA
110000100020,CAMISETA BARCA TEMPORADA 23LOCAL L,UD,,2034.15,07,TIENDA
110000100021,CAMISETA ESPAÑA EUROCOPA LOCAL 2024 SIZ,UD,,2034.15,07,TIENDA
110000100022,CAMISETA ESPAÑA EUROCOPA LOCAL 2024 SIZ,UD,,2034.15,07,TIENDA
110000100023,CAMISETA ESPAÑA EUROCOPA LOCAL 2024 SIZ,UD,,2034.15,07,TIENDA
110000100024,CAMISETA ESPAÑA EUROCOPA LOCAL 2024 SIZ,UD,,2034.15,07,TIENDA
110000100025,CAMISETA ESPAÑA EUROCOPA VISITANTE 2024,UD,,2034.15,07,TIENDA
110000100026,CAMISETA ESPAÑA EUROCOPA VISITANTE 2024,UD,,2034.15,07,TIENDA
110000100027,CAMISETA ESPAÑA EUROCOPA VISITANTE 2024,UD,,2034.15,07,TIENDA
110000100028,CAMISETA ESPAÑA EUROCOPA VISITANTE 2024,UD,,2034.15,07,TIENDA
110000100029,CAMISETA ESPAÑA LOCAL MUNDIAL SIZE XL,UD,,2034.15,07,TIENDA
110000100030,CAMISETA FRANCIA LOCAL NEW TEMPORADA S,UD,,2034.15,07,TIENDA
110000100031,CAMISETA FRANCIA VISITANTE MUNDIAL QATA,UD,,2034.15,07,TIENDA
110000100032,CAMISETA INTER MIAMI NEGRA SIZE L,UD,,2034.15,07,TIENDA
110000100033,CAMISETA INTER MIAMI NEGRA SIZE M,UD,,2034.15,07,TIENDA
110000100034,CAMISETA ITALIA VISITANTE EUROCOPA S VE,UD,,2034.15,07,TIENDA
110000100035,CAMISETA ITALIA TEMPORADA NUEVA AZUL L,UD,,2034.15,07,TIENDA
110000100036,CAMISETA ITALIA TEMPORADA NUEVA AZUL S,UD,,2034.15,07,TIENDA
110000100037,CAMISETA ITALIA VISITANTE EUROCOPA M VE,UD,,2034.15,07,TIENDA
110000100038,CAMISETA LOCAL ARGENTINA MUNDIAL 2022 M,UD,,2034.15,07,TIENDA
110000100039,CAMISETA MANCHESTER CITY TEMPORADA 2024,UD,,2034.15,07,TIENDA
110000100040,CAMISETA PSG BLANCA L,UD,,2034.15,07,TIENDA
110000100041,CAMISETA PSG LOCAL TEMPORADA 22 M,UD,,2034.15,07,TIENDA
110000100042,CAMISETA PSG LOCAL TEMPORADA 22 S,UD,,2034.15,07,TIENDA
110000100043,CAMISETA PSG LOCAL TEMPORADA 22 XL,UD,,2034.15,07,TIENDA
110000100044,CAMISETA PSG NEGRA CON AMARILLO S,UD,,2034.15,07,TIENDA
110000100045,CAMISETA PSG NEGRA CON AMARILLO XL,UD,,2034.15,07,TIENDA
110000100046,CAMISETA REAL MADRID BLANCA TEMPORADA 2,UD,,2034.15,07,TIENDA
110000100047,CAMISETA REAL MADRID BLANCA TEMPORADA 2,UD,,2034.15,07,TIENDA
110000100048,CAMISETA REAL MADRID TEMPORADA 24-25 SI,UD,,2034.15,07,TIENDA
110000100049,CAMISETA RETRO ARGENTINA 1990 SIZE M,UD,,2966.40,07,TIENDA
110000100050,CAMISETA RETRO ARGENTINA 1990 SIZE S,UD,,2966.40,07,TIENDA
110000100051,CAMISETA RETRO ARGENTINA LE COP SPORTF,UD,,2966.40,07,TIENDA
110000100052,CAMISETA RETRO BARCA 1899-1999 SIZE L,UD,,2966.40,07,TIENDA
110000100053,CAMISETA RETRO BARCA 1899-1999 SIZE M,UD,,2966.40,07,TIENDA
110000100054,CAMISETA RETRO REAL MADRID 2010-2012 SI,UD,,2966.40,07,TIENDA
110000100055,CAMISETA RETRO REAL MADRID 2010-2012 SI,UD,,2966.40,07,TIENDA
110000100056,CAMISETA RETRO REAL MADRID 2010-2012 SI,UD,,2966.40,07,TIENDA
110000100057,CAMISETA RETRO REAL MADRID ROSADA 2015,UD,,2966.40,07,TIENDA
110000100058,CAMISETA VISITANTE ARGENTINA MUNDIAL 20,UD,,2034.15,07,TIENDA
110000100059,CAMISETA VISITANTE ARGENTINA MUNDIAL 20,UD,,2034.15,07,TIENDA
110000100061,CONJUNTO ALL NASSAR LOCAL 20,UD,,2203.65,07,TIENDA
110000100062,CONJUNTO ALL NASSAR VISITANTE 22,UD,,2203.65,07,TIENDA
110000100063,CONJUNTO ARGENTINA EUROPA LOCAL 24,UD,,2203.65,07,TIENDA
110000100064,CONJUNTO ARGENTINA VISITANTE COPA AMERI,UD,,2203.65,07,TIENDA
110000100065,CONJUNTO ARGENTINA VISITANTE MUNDIAL MO,UD,,1864.65,07,TIENDA
110000100066,CONJUNTO ARGENTINA VISITANTE MUNDIAL MO,UD,,1864.65,07,TIENDA
110000100067,CONJUNTO ATLETICO MADRID BLANCO ROJO 16,UD,,2203.65,07,TIENDA
110000100068,CONJUNTO ATLETICO MADRID BLANCO ROJO 24,UD,,2203.65,07,TIENDA
110000100069,CONJUNTO ATLETICO MADRID BLANCO ROJO 28,UD,,2203.65,07,TIENDA
110000100070,CONJUNTO BARCA LOCAL TEMPORADA PASADA 2,UD,,2203.65,07,TIENDA
110000100071,CONJUNTO BARCA LOCAL TEMPORADA PASADA S,UD,,2203.65,07,TIENDA
110000100072,CONJUNTO BARCA LOCAL TEMPORADA PASADA S,UD,,2203.65,07,TIENDA
110000100073,CONJUNTO BARCA LOCAL TEMPORADA PASADA S,UD,,2203.65,07,TIENDA
110000100074,CONJUNTO BARCA LOCAL TEMPORADA PASADA S,UD,,2203.65,07,TIENDA
110000100075,CONJUNTO BARCA TEMPORADA 24-25 SIZE 24,UD,,2203.65,07,TIENDA
110000100076,CONJUNTO BARCA TEMPORADA 24-25 SIZE 26,UD,,2203.65,07,TIENDA
110000100077,CONJUNTO BARCA TEMPORADA 24-25 SIZE 28,UD,,2203.65,07,TIENDA
110000100078,CONJUNTO BAYER 20,UD,,2203.65,07,TIENDA
110000100079,CONJUNTO BAYER 22,UD,,2203.65,07,TIENDA
110000100080,CONJUNTO BAYER 24,UD,,2203.65,07,TIENDA
110000100081,CONJUNTO BRASIL NUEVA TEMPORADA LOCAL 1,UD,,2203.65,07,TIENDA
110000100082,CONJUNTO CITY TEMPORADA PASADA 16,UD,,2203.65,07,TIENDA
110000100083,CONJUNTO CITY TEMPORADA PASADA 20,UD,,2203.65,07,TIENDA
110000100084,CONJUNTO ESPAÑA EUROCOPA LOCAL SIZE 28,UD,,2203.65,07,TIENDA
110000100085,CONJUNTO ESPAÑA EUROCOPA VISITANTE SIZE,UD,,2203.65,07,TIENDA
110000100086,CONJUNTO INTER MIAMI NEGRO 20,UD,,2203.65,07,TIENDA
110000100087,CONJUNTO INTER MIAMI NEGRO 22,UD,,2203.65,07,TIENDA
110000100088,CONJUNTO INTER MIAMI ROSADO 24,UD,,2203.65,07,TIENDA
110000100089,CONJUNTO INTER MIAMI VISITANTE TEMPORAD,UD,,2203.65,07,TIENDA
110000100090,CONJUNTO MANCHESTER UNITED MANGA LARGA,UD,,3983.40,07,TIENDA
110000100091,CONJUNTO MANCHESTER UNITED MANGA LARGA,UD,,3983.40,07,TIENDA
110000100092,CONJUNTO MANCHESTER UNITED MANGA LARGA,UD,,3983.40,07,TIENDA
110000100093,CONJUNTO MANGA LARGA BARCA AZUL CLARO 1,UD,,3983.40,07,TIENDA
110000100094,CONJUNTO MANGA LARGA BARCA AZUL CLARO 1,UD,,3983.40,07,TIENDA
110000100095,CONJUNTO MANGA LARGA BARCA NARANJA 12,UD,,3983.40,07,TIENDA
110000100096,CONJUNTO MANGA LARGA BARCA NARANJA 14,UD,,3983.40,07,TIENDA
110000100097,CONJUNTO MANGA LARGA BARCA NARANJA 16,UD,,3983.40,07,TIENDA
110000100098,CONJUNTO MANGA LARGA BARCA NARANJA 18,UD,,3983.40,07,TIENDA
110000100099,CONJUNTO MANGA LARGA PSG AZUL 14,UD,,3983.40,07,TIENDA
110000100100,CONJUNTO MANGA LARGA PSG AZUL 16,UD,,3983.40,07,TIENDA
110000100101,CONJUNTO PORTUGAL TEMPORADA LOCAL 2022,UD,,2203.65,07,TIENDA
110000100102,CONJUNTO PORTUGAL TEMPORADA VISITANTE 2,UD,,2203.65,07,TIENDA
110000100103,CONJUNTO PSG BLANCO SIZE 28,UD,,2203.65,07,TIENDA
110000100104,CONJUNTO REAL MADRID AZUL TEMPORADA 23,UD,,2203.65,07,TIENDA
110000100105,CONJUNTO REAL MADRID BLANCA TEMPORADA 2,UD,,2203.65,07,TIENDA
110000100106,CONJUNTO REAL MADRID BLANCA TEMPORADA 2,UD,,2203.65,07,TIENDA
110000100107,CONJUNTO REAL MADRID BLANCO 22,UD,,2203.65,07,TIENDA
110000100108,CONJUNTO REAL MADRID LOCAL TEMPORADA 24,UD,,2203.65,07,TIENDA
110000100109,CONJUNTO REAL MADRID LOCAL TEMPORADA 24,UD,,2203.65,07,TIENDA
110000100110,CONJUNTO REAL MADRID MANGA LARGA MORADO,UD,,3983.40,07,TIENDA
110000100111,CONJUNTO REAL MADRID MANGA LARGA MORADO,UD,,3983.40,07,TIENDA
110000100112,CONJUNTO REAL MADRID MANGA LARGA NEGRO,UD,,3983.40,07,TIENDA
110000100113,CONJUNTO REAL MADRID MANGA LARGA NEGRO,UD,,3983.40,07,TIENDA
110000100114,CONJUNTO REAL MADRID MORADO 20,UD,,2203.65,07,TIENDA
110000100115,CONJUNTO REAL MADRID NEGRO 24,UD,,2203.65,07,TIENDA
110000100116,CONJUNTO REAL MADRID NEGRO 28,UD,,2203.65,07,TIENDA
110000100118,ESPINILLERA AZUL,UD,,423.90,07,TIENDA
110000100119,GORRA INTER DE MILAN,UD,,1695.15,07,TIENDA
110000100120,GORRA MERCEDES ROJA,UD,,1695.15,07,TIENDA
110000100121,GORRA PORTUGAL ROJA,UD,,1695.15,07,TIENDA
110000100122,GORRA REAL MADRID,UD,,1695.15,07,TIENDA
110000100123,GORRA REAL MADRID AZUL,UD,,1695.15,07,TIENDA
110000100124,GORRA RED BULL ROJA,UD,,1695.15,07,TIENDA
110000100125,GUANTES RINAT DE PORTERO PROFESIONAL BL,UD,,6271.65,07,TIENDA
110000100126,GUANTES RINAT SEMI PRO DE PORTERO NEGRO,UD,,4152.90,07,TIENDA
110000100127,INFLADOR MANUAL DE BALONES GENERICO,UD,,212.03,07,TIENDA
110000100129,MEDIA BABY NEGRA GIVOVA,UD,,508.65,07,TIENDA
110000100130,MEDIA BOY BLU GIVOVA,UD,,444.92,07,TIENDA
110000100131,MEDIA GIVOVA SENIOR CELESTE,UD,,444.92,07,TIENDA
110000100132,MEDIA GIVOVA SENIOR NEGRA,UD,,508.65,07,TIENDA
110000100133,MEDIAS GIVOVA BABY CELESTE,UD,,508.65,07,TIENDA
110000100134,MOCHILAS REAL MADRID AZULES,UD,,2966.40,07,TIENDA
110000100135,PERFUME BARCA,UD,,2966.40,07,TIENDA
110000100137,RINAT TURF GUANTES PORTEROS SIZE 9,UD,,3813.90,07,TIENDA
110000100140,ZAPATILLA ADIDAS GAME MODE SIZE 10 CLAV,UD,,5000.40,07,TIENDA
110000100141,ZAPATILLA ADIDAS GOLETO NEGRO SIZE 3.5,UD,,5000.40,07,TIENDA
110000100142,ZAPATILLA ADIDAS GOLETOS SIZE 5,UD,,2966.40,07,TIENDA
110000100144,ZAPATILLA CRAZY FAST SIZE 6.5,UD,,5508.90,07,TIENDA
110000100145,ZAPATILLA GIVOVA SIZE 39,UD,,3813.90,07,TIENDA
110000100146,ZAPATILLA GIVOVA SIZE 43,UD,,3813.90,07,TIENDA
110000100147,ZAPATILLA GIVOVA SIZE 44,UD,,3813.90,07,TIENDA
110000100148,ZAPATILLA KERME AZUL SIZE 4.5,UD,,3813.90,07,TIENDA
110000100149,ZAPATILLA KERME ROJAS SIZE 5.5,UD,,3813.90,07,TIENDA
110000100150,ZAPATILLA MERCURIALES AZUL CON VERDE SI,UD,,5000.40,07,TIENDA
110000100151,ZAPATILLA PUMA ATTACANTO SIZE 8,UD,,5000.40,07,TIENDA
110000100154,ZAPATILLA ADIDAS SPEED PORTAL VERDE SIZ,UD,,5763.15,07,TIENDA
110000100221,CAMISETA MOCA FC AMARILLA SIZE 12,UD,,1017.15,07,TIENDA
110000100222,CAMISETA MOCA FC AMARILLA SIZE S,UD,,1017.15,07,TIENDA
110000100223,CAMISETA MOCA FC AMARILLA SIZE M,UD,,1017.15,07,TIENDA
110000100224,CAMISETA MOCA FC AMARILLA SIZE L,UD,,1017.15,07,TIENDA
110000100225,CAMISETA MOCA FC NEGRA SIZE 12,UD,,1017.15,07,TIENDA
110000100226,CAMISETA MOCA FC NEGRA SIZE S,UD,,1017.15,07,TIENDA
110000100227,CAMISETA MOCA FC NEGRA SIZE M,UD,,1017.15,07,TIENDA
110000100228,CAMISETA MOCA FC NEGRA SIZE L,UD,,1017.15,07,TIENDA
110000100238,RING POP,UD,,50.84,07,TIENDA
110000100241,M&M'S MINI,UD,,76.43,07,TIENDA
110000100246,CAMISETA REAL MADRID TEMPORADA 24-25 SI,UD,,2034.15,07,TIENDA
110000100247,ESPINILLERA SPORT NEGRA,UD,,381.36,07,TIENDA
110000100248,ESPINILLERA SPORT NARANJA,UD,,381.36,07,TIENDA
110000100249,ESPINILLERA SPORT BLANCA,UD,,423.90,07,TIENDA
110000100250,MEDIAS ANTIDESLIZANTE,UD,,508.65,07,TIENDA
110000100268,CONJUTO REAL MADRID MORADO CON NEGRO NU,UD,,2203.65,07,TIENDA
110000100278,CROSTATA DE CANELA FIORA,UD,,127.28,07,TIENDA
110000100291,GALLETA JENGIBRE GRANDE,UD,,148.47,07,TIENDA
110000100295,GALLETAS JENGIBRE MEDIANA,UD,,106.09,07,TIENDA
110000100302,GOLDFISH CHEDDAR,UD,,42.37,07,TIENDA
110000100312,VITARAI DRAGON FRUIT,UD,,42.53,07,TIENDA
110000100313,VITARAIN BLUEBERRY,UD,,42.53,07,TIENDA
110000100314,VITARAIN LEMONADE,UD,,42.53,07,TIENDA
110000100315,VITARAIN TROP. MANGO,UD,,42.53,07,TIENDA
110000100334,PAPAS FRITAS,UD,,127.28,07,TIENDA
110000100343,RANCHITAS NATURALES,UD,,97.62,07,TIENDA
110000100348,CARIBAS AJO,UD,,97.62,07,TIENDA
110000100349,FUNDA DE HIELO,UD,,63.56,07,TIENDA
110000100353,HERSHEYS,UD,,59.48,07,TIENDA
110000100375,BALON ARGENTINA,UD,,2966.40,07,TIENDA
110000100376,BALON REAL MADRID NUMERO 5,UD,,2966.40,07,TIENDA
110000100377,CONJUNTO BARCA NUEVA TEMPORADA NEGRO SI,UD,,2203.65,07,TIENDA
110000100378,CONJUNTO BARCA NUEVA TEMPORADA NEGRO SI,UD,,2203.65,07,TIENDA
110000100379,CONJUNTO INTER MIAMI NUEVA AZUL 28,UD,,2203.65,07,TIENDA
110000100380,CONJUNTO INTER MIAMI NUEVA AZUL 24,UD,,2203.65,07,TIENDA
110000100381,CONJUNTO ARGENTINA EUROPA LOCAL 28,UD,,2203.65,07,TIENDA
110000100382,CAMISETA BARCA NUEVA TEMPORADA NEGRA SI,UD,,2034.15,07,TIENDA
110000100383,CAMISETA INTER MIAMI NUEVA SIZE L,UD,,2034.15,07,TIENDA
110000100388,ZAPATILLA PUMA AZUL SIZE 3C,UD,,4237.65,07,TIENDA
110000100389,SALCHICHA,UD,,84.90,07,TIENDA
110000100395,CONJUNTO ARGENTINA EUROPA LOCAL 20,UD,,2203.65,07,TIENDA
110000100396,CONJUNTO ARGENTINA EUROPA LOCAL 22,UD,,2203.65,07,TIENDA
110000100397,CAMISETA REAL MADRID NARANJA 24-25 SIZE,UD,,2118.90,07,TIENDA
110000100398,CAMISETA REAL MADRID NARANJA 24-25 SIZE,UD,,2118.90,07,TIENDA
110000100399,CAMISETA REAL MADRID NARANJA 24-25 SIZE,UD,,2118.90,07,TIENDA
110000100400,CAMISETA REAL MADRID NARANJA 24-25 SIZE,UD,,2118.90,07,TIENDA
110000100401,CAMISETA REAL MADRID GRIS 24-25 SIZE S,UD,,2118.90,07,TIENDA
110000100402,CAMISETA REAL MADRID GRIS 24-25 SIZE M,UD,,2118.90,07,TIENDA
110000100403,CAMISETA REAL MADRID GRIS 24-25 SIZE L,UD,,2118.90,07,TIENDA
110000100404,CAMISETA REAL MADRID GRIS 24-25 SIZE XL,UD,,2118.90,07,TIENDA
110000100405,CAMISETA INTER MIAMI NUEVA TEMPORADA AZ,UD,,2118.90,07,TIENDA
110000100406,CAMISETA INTER MIAMI NUEVA TEMPORADA AZ,UD,,2118.90,07,TIENDA
110000100407,CONJUNTO BARCA NEGRO NUEVA TEMPORADA 24,UD,,2203.65,07,TIENDA
110000100408,CONJUNTO BARCA NEGRO NUEVA TEMPORADA 28,UD,,2203.65,07,TIENDA
110000100409,CONJUNTO REAL MADRID NARANJA SIZE 24,UD,,2203.65,07,TIENDA
110000100410,CONJUNTO REAL MADRID NARANJA SIZE 28,UD,,2203.65,07,TIENDA
110000100411,CONJUNTO PORTUGAL RONALDO SIZE 28,UD,,2203.65,07,TIENDA
110000100413,PALA PADEL SOFTEE SWAT RED,UD,,4576.65,07,TIENDA
110000100414,PALA PADEL SOFTEE RANGER ORANGE,UD,,5000.40,07,TIENDA
110000100415,PALA PADEL VIBOR-A BAMBOO LIQUID EDITIO,UD,,8051.40,07,TIENDA
110000100416,PALA PADEL VIBOR-A SERPENT ADVANCE,UD,,7203.90,07,TIENDA
110000100417,PALA PADEL SOFTEE SUMMIT GREEN POWER,UD,,8432.78,07,TIENDA
110000100418,PALA PADEL SOFTEE FREEZER CARBON GREEN,UD,,10593.90,07,TIENDA
110000100419,PACK VIBOR-A 2 MUÑEQUERAS 12 CM NEGRO,UD,,805.28,07,TIENDA
110000100420,CALCETINES VIBOR-A KAIT MEDIA CAÑA,UD,,381.53,07,TIENDA
110000100421,CALCETINES VIBOR-A KAIT MEDIA CAÑA (39-,UD,,381.53,07,TIENDA
110000100424,"CAMISETA VIBOR-A KAIT ADULTO (ROYAL, M)",UD,,1271.40,07,TIENDA
110000100425,"PANTALON PADEL SOFTEE CLUB (MARINO, M)",UD,,381.53,07,TIENDA
110000100426,"PANTALON PADEL SOFTEE CLUB (BLANCO, L)",UD,,381.53,07,TIENDA
110000100427,MOCHILA SOFTEE CAR (NEGRO),UD,,2966.40,07,TIENDA
110000100428,CAMISETA VIBOR-A TAIPAN HOMBRE (AMARILL,UD,,1271.40,07,TIENDA
110000100435,T SHIRT 2XS UNIFORME,UD,,847.45,07,TIENDA
110000100437,T SHIRT 3XS UNIFORME,UD,,423.90,07,TIENDA
110000100438,PANTALON 2XS UNIFORME,UD,,677.96,07,TIENDA
110000100439,BOLSA DE REGALO PEQUEÑA,UD,,84.90,07,TIENDA
110000100440,BOLSA DE REGALO GRANDE,UD,,169.65,07,TIENDA
110000100449,CLASES DE PADEL PARA 4 PERSONAS,UD,,847.65,07,TIENDA
110000100450,ALQUILER DE PALAS,UD,,169.65,07,TIENDA
110000100454,COCTEL BUZZBALL CHILI MANGO 200ML,UD,,212.03,07,TIENDA
110000100455,COCTEL BUZZBALLZ CHOC TEASE 200ML,UD,,212.03,07,TIENDA
110000100456,COCTEL BUZZBALLZ ESPRESSO MARTINI 200ML,UD,,212.03,07,TIENDA
110000100457,COCTEL BUZZBALLZ PIÑA COLADA 200ML,UD,,212.03,07,TIENDA
110000100458,COCTEL BUZZBALLZ STRAWBERRY RITA 200ML,UD,,212.03,07,TIENDA
110000100459,COCTEL BUZZBALLZ TEQUILA RITA 20ML,UD,,212.03,07,TIENDA
110000100462,BROWNIES BIZCOCHO,UD,,127.28,07,TIENDA
110000100465,ZAPATILLA PUMA ATTACANTO SIZE 4 VERDES,UD,,5000.40,07,TIENDA
110000100466,ZAPATILLA PUMA ATTACANTO SIZE 4.5 VERDE,UD,,5000.40,07,TIENDA
110000100467,ZAPATILLA PUMA ATTACANTO SIZE 5 VERDE,UD,,5000.40,07,TIENDA
110000100468,ZAPATILLA PUMA ATTACANTO SIZE 3.5 VERDE,UD,,5000.40,07,TIENDA
110000100469,ZAPATILLA PUMA ATTACANTO SIZE 2 NEGRO,UD,,5000.40,07,TIENDA
110000100470,ZAPATILLA PUMA ATTACANTO SIZE 2.5 NEGRO,UD,,5000.40,07,TIENDA
110000100471,ZAPATILLA PUMA ATTACANTO SIZE 4 NEGRO,UD,,5000.40,07,TIENDA
110000100472,ZAPATILLA PUMA ATTACANTO SIZE 3 NEGRO,UD,,5000.40,07,TIENDA
110000100482,PALA HEAD FLASH,UD,,110.33,07,TIENDA
110000100483,PALA SIUX SPIDER,UD,,144.23,07,TIENDA
110000100484,PALA HEAD DELTA JUNIOR,UD,,5678.25,07,TIENDA
110000100485,PALA BABOLAT CONTACT,UD,,93.38,07,TIENDA
110000100486,PALA BABOLAT AIR VERTUO,UD,,9407.40,07,TIENDA
110000100487,PALA BABOLAT TECHNICAL VERTUO,UD,,110.33,07,TIENDA
110000100488,PALA ADIDAS RX SERIES LIGHT,UD,,7203.75,07,TIENDA
110000100489,PALA HEAD RADICAL PRO,UD,,228.98,07,TIENDA
110000100490,PALA HEAD ZEPHYR UL,UD,,139.99,07,TIENDA
110000100491,VESTIDO PADEL VERDE,UD,,2754.53,07,TIENDA
110000100492,VESTIDO PADEL AZUL,UD,,2754.53,07,TIENDA
110000100493,VESTIDO PADEL ROJO,UD,,2373.15,07,TIENDA
110000100494,VESTIDO PADEL NEGRO,UD,,2373.15,07,TIENDA
110000100504,CALCETINES VIVORA,UD,,381.53,07,TIENDA
110000100513,TOALLA ZAFIRO DE MANO BLANCA,UD,,169.65,07,TIENDA
110000100514,PALA PADEL SOFTEE YELLOW JUNIOR,UD,,3390.15,07,TIENDA
110000100515,PALA PADEL SOFTEE RANGER JUNIOR,UD,,3220.65,07,TIENDA
110000100521,JUAN BIZCOCHO,UD,,80.67,07,TIENDA
110000100524,PALBEA PADEL OVERGRIP EXTRA ADHERENCE B,UD,,169.65,07,TIENDA
110000100536,CAMISETA JUVENTUS LOCAL M,UD,,2034.15,07,TIENDA
110000100537,CAMISETA MANCHESTER CITY VERDE M,UD,,2034.15,07,TIENDA
110000100538,CAMISETA MEXICO MUNDIA VISITANTE,UD,,2034.15,07,TIENDA
110000100539,CAMISETA PORTUGAL EUROCOPA M,UD,,2034.15,07,TIENDA
110000100542,CORONA DE LATA,UD,,93.38,07,TIENDA
110000100543,FALDA BLANCA XS,UD,,3347.78,07,TIENDA
110000100544,T SHIRT MOCA PADEL CLUB XS,UD,,1017.15,07,TIENDA
110000100545,T SHIRT MOCA PADEL CLUB S,UD,,1017.15,07,TIENDA
110000100546,T SHIRT MOCA PADEL CLUB M,UD,,1017.15,07,TIENDA
110000100547,T SHIRT MOCA PADEL CLUB L,UD,,1017.15,07,TIENDA
110000100548,T SHIRT MOCA PADEL CLUB XL,UD,,1017.15,07,TIENDA
110000100551,PECHUGA A LA PLANCHA,UD,,466.10,07,TIENDA
110000100552,FROZEN FRESA,UD,,250.17,07,TIENDA
110000100553,FROZEN LIMONADA,UD,,245.93,07,TIENDA
110000100554,FROZEN CHINOLA,UD,,190.84,07,TIENDA
110000100555,DAIKIRI,UD,,186.60,07,TIENDA
110000100556,SANGRIA,UD,,334.92,07,TIENDA
110000100557,GINC TONIC BEEFEATER BLANCO,UD,,440.70,07,TIENDA
110000100560,PALOMA,UD,,334.92,07,TIENDA
110000100563,TRAGO WHISKY JHONNY GOLD,UD,,381.38,07,TIENDA
110000100565,TRAGO RON 1888,UD,,275.44,07,TIENDA
110000100566,RON 1888 BOTELLA,UD,,2640.12,07,TIENDA
110000100568,TRAGO CHIVA 18,UD,,487.31,07,TIENDA
110000100570,CASABE,UD,,106.09,07,TIENDA
110000100571,SHORT AZUL PADEL,UD,,381.53,07,TIENDA
110000100579,LIGA ABIERTA DEL PADEL,UD,,678.15,07,TIENDA
110000100584,TRAGO EXTRA VIEJO,UD,,148.32,07,TIENDA
110000100585,EXTRA VIEJO BOTELLA,UD,,908.67,07,TIENDA
110000100587,PANTALON PADEL SOFTEE CLUB BLANCO,UD,,381.38,07,TIENDA
110000100649,CODERA DE PADEL,UD,,2245.88,07,TIENDA
110000100694,FALDA DE PADEL ROSADA MAMEI,UD,,2542.50,07,TIENDA
110000100695,T SHIRT AZUL CLARA WOMEN,UD,,1695.00,07,TIENDA
110000100707,FALDA BLANCA ADIDAS,UD,,2542.50,07,TIENDA
110000100715,GORRA ESTANCIA NUEVA SPORT CLUB,UD,,1017.00,07,TIENDA
110000100718,BULLPADEL JUNIOR LINE PALA,UD,,5932.50,07,TIENDA
1105,MUÑEQUERA ANCHA VIBOR A (BLANCA),UD,,390.63,07,TIENDA
1106,PROTECTOR SIUX TRANSPARENTE,UD,,1271.19,07,TIENDA
1107,PELOTAS WILSON PADEL PREMIER,UD,,550.88,07,TIENDA
1108,MUÑEQUERAS WILSON DOBLE WHITE,UD,,468.75,07,TIENDA
1112,NEVERITA DESECHABLE,UD,,,07,TIENDA
1124,PRO OVERGRIP WILSON PADEL 3PK,UD,,423.73,07,TIENDA
1130,GUANTE DE PORTERIA TRITON BUFFTON,UD,,4661.02,07,TIENDA
1131,GUANTE DE PORTERIA SULTAN BUFFON,UD,,4661.02,07,TIENDA
1137,SERVICIOS DE VALLAS LATERALES 360,UD,,250000.00,07,TIENDA
1187,"CAMPAMENTO T-SHIRTS MANGAS      CORTAS ,TELA",UD,,847.46,07,TIENDA
1188,T-SHIRTS C/M    # 8    MANGA CORTA PADRES,UD,,847.46,07,TIENDA
1189,T-SHIRTS C/M FEM./XS       MANGA CORTA PADRE,UD,,847.46,07,TIENDA
1190,T-SHIRTS C/M FEM./M       MANGA CORTA PADRES,UD,,847.46,07,TIENDA
1191,T-SHIRTS C/M- L       MANGA CORTA PADRES,UD,,847.46,07,TIENDA
1192,TSHIRTS C/M    XS     MANGA CORTA PADRES,UD,,847.46,07,TIENDA
1193,TSHIRTS C/M    S    MANGA CORTA PADRES,UD,,847.46,07,TIENDA
1194,TSHIRTS CM    M/M    MANGA CORTA PADRES,UD,,847.46,07,TIENDA
1195,TSHIRTS C/M XL      MANGAS CORTA PADRES,UD,,847.46,07,TIENDA
1196,TSHIRTS C/M    3XL    MANGA CORTA PADRES,UD,,847.46,07,TIENDA
1197,POLOSHIRTS C/M      M/M MANGA CORTA PADRES,UD,,847.46,07,TIENDA
1198,UNIFORME FUTBOL MANGA LARGA PORT.C/NOMBR,UD,,2033.90,07,TIENDA
1199,UNIFORME FUTBOL MANGA CORTA C/ NOMBRE,UD,,1864.41,07,TIENDA
1208,MEDIAS GIVOVA BABY BLANCA,UD,,423.72,07,TIENDA
1209,MEDIAS GIVOVA BLANCA BOY,UD,,423.72,07,TIENDA
1210,MEDIAS GIVOVA BLANCA SENIOR,UD,,444.92,07,TIENDA
1211,MEDIAS GIVOVA NEGRA BOY,UD,,423.72,07,TIENDA
1213,GUANTERAS DBK NIÑO,UD,,1779.66,07,TIENDA
1221,SERVICIOS DE PUBLICIDAD,UD,,9322.04,07,TIENDA
1223,BULLPADEL ÍNDIGA BOY,UD,,5084.74,07,TIENDA
1224,ADIDAS ARROW HIT JUNIOR,UD,,6652.54,07,TIENDA
1226,PELOTA PRO NOX,UD,,550.85,07,TIENDA
1227,PELOTA SOFTEER AMARILLA,UD,,550.85,07,TIENDA
1228,OVERGRIPS PRO NOX,UD,,169.49,07,TIENDA
1229,PALA AT10 GENIUS ULTRALIGHT,UD,,6779.66,07,TIENDA
1233,"T-SHIRTS MANGA CORTA,TELA DRY FIT MASCUL",UD,,847.46,07,TIENDA
1234,"T-SHIRTS MANGAS CORTAS,TELA DRY FIT NIÑO",UD,,847.46,07,TIENDA
1235,"T-SHIRTS MANGAS CORTAS,TELA FEMENIÑA",UD,,847.46,07,TIENDA
1236,"SHORTS,TELA DRY FIT NEGRO",UD,,1059.32,07,TIENDA
1237,"T-SHIRTS MANGAS CORTAS,TELA,AZUL",UD,,1059.31,07,TIENDA
1238,OVERGRIPS LISO ENEBE,UD,,127.12,07,TIENDA
1243,RESISTANGE TRAINER,UD,,3644.07,07,TIENDA
154545845,TAQUERITOS CHILE TOREADO,UD,,46.77,07,TIENDA
196473749291,TOP NEGRO ALL ME,UD,,,07,TIENDA
196608848431,TOP VERDE OLIVO,UD,,1694.92,07,TIENDA
20788124,RABITOS INOA,UD,,42.53,07,TIENDA
40650000,BLUSA ROSADA,UD,,762.00,07,TIENDA
5000267107776,WHISKY JOHNINIE GOLD BOTELLA,UD,,5496.19,07,TIENDA
5000267190150,WHISKY JOHNINIE NEGRO BOTELLA,UD,,3117.19,07,TIENDA
5000299225028,CHIVA 18 BOTELLA,UD,,5996.22,07,TIENDA
6165010781050,SACK PACK WILSON RED,UD,,678.00,07,TIENDA
6165010781111,SACK PACK WILSON ROYAL,UD,,678.00,07,TIENDA
6165010781128,SACK PACK WILSON NAVY,UD,,678.00,07,TIENDA
647697659069,GALLETA DE COCO MARTIN MEDIANA,UD,,51.00,07,TIENDA
653981779009,BROWNIES TIOLA,UD,,46.77,07,TIENDA
701891100014,AGUA PLANETA AZUL 16 ONZ,UD,,21.19,07,TIENDA
7460496801476,CARIBAS NATU MADURO PU CS,UD,,34.05,07,TIENDA
7460496805627,RUFFLES XTRA CRUNCH DR CS,UD,,34.05,07,TIENDA
7460855233498,DOBLE RESERVA BOTELLA,UD,,1407.00,07,TIENDA
7460855238066,TRIPLE RESERVA BOTELLA,UD,,1351.92,07,TIENDA
7466442630107,FRUIT PARADISE PIÑA,UD,,76.43,07,TIENDA
7466442630145,FRUIT PARADISE FRUIT PUNCH,UD,,76.43,07,TIENDA
7466564881159,GALLETAS SUSPIRO MEDIANA,UD,,127.28,07,TIENDA
8034044828100,PANTALON UNIFORME 3XS,UD,,254.40,07,TIENDA
8034044828117,PANTALON 2XS,UD,,,07,TIENDA
8034044828155,PANTALON UNIFORME L,UD,,254.40,07,TIENDA
8034044838062,T SHIRT 3XS,UD,,,07,TIENDA
8034044838079,T SHIRT 2XS,UD,,,07,TIENDA
8034044838116,T SHIRT UNIFORME L,UD,,423.90,07,TIENDA
8435536789372,PELOTAS SIUX NEO,UD,,550.85,07,TIENDA
887768339241,PADEL RUSH 100 WILSON,UD,,487.31,07,TIENDA
X001X38ZF1,BODY PROX RODILLERA,UD,,2245.88,07,TIENDA
